Rsol,Rp,CPE,CV_Area,Delta_Z,Type,Class_Multimodal
48.8,5650000.0,8.04e-06,493.8,64.50736915,360 ng/ml,High Risk
48.03,1910000.0,7.9e-06,330.8,72.04719152,360 ng/ml,High Risk
54.77,2460000.0,7.81e-06,305.0,38.11799086,360 ng/ml,High Risk
50.0,6380000.0,7.75e-06,337.5,25.97049927,330 ng/ml,High Risk
61.58,1860000.0,7.28e-06,342.2,92.57226353,330 ng/ml,High Risk
61.58,1860000.0,7.28e-06,342.2,151.6342054,330 ng/ml,High Risk
33.67,912000.0,6.9e-06,163.7,144.094383,300 ng/ml,High Risk
32.58,924000.0,6.8e-06,149.3,183.0501319,300 ng/ml,High Risk
34.76,861000.0,7.19e-06,123.0,88.80235234,300 ng/ml,High Risk
55.38,8030000.0,8.47e-06,251.2,109.7463034,270 ng/ml,High Risk
57.57,8749000.0,8.208e-06,259.4,45.65781323,270 ng/ml,High Risk
56.77,4868000.0,8.047e-06,273.0,38.11799086,270 ng/ml,High Risk
50.9,9100000.0,8.3e-06,251.1,63.25073209,240 ng/ml,High Risk
49.58,32600000.0,8.39e-06,285.8,73.30382858,240 ng/ml,High Risk
51.28,3540000.0,7.97e-06,305.3,16.75516082,240 ng/ml,High Risk
34.85,972000.0,7.11e-06,364.5,112.6784565,200 ng/ml,High Risk
43.95,764000.0,6.79e-06,321.1,161.6873019,200 ng/ml,High Risk
40.7,2170000.0,7.21e-06,191.8,184.306769,200 ng/ml,High Risk
51.38,9320000.0,8.14e-06,256.5,19.26843494,180 ng/ml,Low Risk
46.86,7000000.0,8.57e-06,235.5,43.14453911,180 ng/ml,Low Risk
51.4,4240000.0,8.2e-06,246.5,162.5250599,180 ng/ml,Low Risk
48.27,4210000.0,8.71e-06,325.0,168.8082453,150 ng/ml,Low Risk
45.09,2819000.0,8.32e-06,333.7,108.4896663,150 ng/ml,Low Risk
42.02,3415000.0,8.25e-06,340.0,92.15338451,150 ng/ml,Low Risk
38.68,1710000.0,8.59e-06,191.5,170.0648823,120 ng/ml,Low Risk
39.12,1290000.0,7.7e-06,170.7,59.48082091,120 ng/ml,Low Risk
38.13,1530000.0,8.07e-06,202.9,55.71090972,120 ng/ml,Low Risk
32.95,1030000.0,8.07e-06,104.2,147.4454152,106 ng/ml,Low Risk
34.71,1520000.0,8.22e-06,160.3,122.312674,106 ng/ml,Low Risk
31.25,841000.0,7.94e-06,112.8,142.418867,106 ng/ml,Low Risk
34.22,967000.0,7.61e-06,194.7,48.17108736,90 ng/ml,Normal
36.04,968000.0,7.87e-06,197.2,103.4631181,90 ng/ml,Normal
32.11,951000.0,7.57e-06,146.5,54.45427266,90 ng/ml,Normal
35.14,2550000.0,8.25e-06,158.3,104.7197551,57 ng/ml,Normal
38.3,1900000.0,8.26e-06,185.7,92.15338451,57 ng/ml,Normal
33.56,1890000.0,8.37e-06,135.2,122.312674,57 ng/ml,Normal
33.07,1367000.0,8.106e-06,139.4,117.2861257,28 ng/ml,Normal
37.78,1090000.0,7.882e-06,175.2,97.17993275,28 ng/ml,Normal
38.9,1068000.0,7.927e-06,183.6,89.64011038,28 ng/ml,Normal
43.36,1170000.0,7.69e-06,190.6,21.78170906,10 ng/ml,Normal
40.99,1160000.0,7.29e-06,302.2,20.94395102,10 ng/ml,Normal
38.51,1120000.0,7.98e-06,204.6,73.30382858,10 ng/ml,Normal
41.74,901000.0,7.67e-06,203.0,0.0,0,Normal
43.12,2330000.0,7.67e-06,255.0,0.0,0,Normal
37.44,1040000.0,7.07e-06,167.3,0.0,0,Normal
54.64,2247872.0,6.79e-06,343.0,5.58172659,180 ng/ml,Normal
61.58,764000.0,6.79e-06,344.5,119.97589659,300 ng/ml,Normal
42.71,764000.0,6.79e-06,368.8,0.0,120 ng/ml,Normal
46.57,764000.0,8.71e-06,131.7,139.90622314,270 ng/ml,Normal
31.25,764000.0,8.71e-06,104.2,134.13459176,28 ng/ml,Normal
31.25,764000.0,8.71e-06,104.8,39.75972714,0,Normal
49.92,3207361.0,6.79e-06,309.7,27.05107914,28 ng/ml,Normal
47.25,764000.0,6.79e-06,166.1,82.2908116,180 ng/ml,Normal
31.25,764000.0,6.79e-06,413.8,127.45075556,180 ng/ml,Normal
31.58,764000.0,8.71e-06,130.4,67.06938712,90 ng/ml,Normal
40.4,764000.0,6.79e-06,180.6,0.0,106 ng/ml,Normal
57.92,764000.0,8.71e-06,204.4,50.45890583,200 ng/ml,Normal
31.25,1304150.0,6.79e-06,137.6,55.77384063,28 ng/ml,Normal
31.25,764000.0,8.71e-06,195.2,77.33314725,0,Normal
31.25,764000.0,6.79e-06,104.2,35.97047603,0,Normal
31.25,764000.0,8.71e-06,104.2,184.306769,28 ng/ml,Normal
60.03,982394.0,6.79e-06,326.0,140.36457779,330 ng/ml,Normal
50.47,764000.0,6.79e-06,236.4,40.87364073,90 ng/ml,Normal
31.25,764000.0,8.71e-06,104.2,74.17779289,180 ng/ml,Normal
31.25,764000.0,8.71e-06,104.2,33.33321498,57 ng/ml,Normal
31.25,3098489.0,8.71e-06,104.2,71.24491358,57 ng/ml,Normal
50.65,867962.0,8.71e-06,376.7,56.86999766,90 ng/ml,Normal
45.28,764000.0,6.79e-06,138.9,11.8477297,90 ng/ml,Normal
50.12,764000.0,6.79e-06,219.7,122.79943052,120 ng/ml,Normal
31.25,764000.0,8.71e-06,149.5,172.86459816,180 ng/ml,Normal
31.25,764000.0,6.79e-06,108.6,36.78510061,240 ng/ml,Normal
37.82,764000.0,6.79e-06,114.6,23.54749166,180 ng/ml,Normal
37.01,1679722.0,6.79e-06,120.9,2.92639788,57 ng/ml,Normal
31.25,764000.0,8.71e-06,104.2,150.99086371,57 ng/ml,Normal
39.63,764000.0,6.79e-06,287.3,35.31142674,90 ng/ml,Normal
45.43,764000.0,6.79e-06,275.9,69.0592878,28 ng/ml,Normal
39.88,4901782.0,6.79e-06,196.3,41.29972994,57 ng/ml,Normal
38.34,764000.0,8.71e-06,112.5,112.19339449,150 ng/ml,Normal
46.24,1814481.0,6.79e-06,426.2,0.0,10 ng/ml,Normal
31.25,764000.0,8.71e-06,199.8,115.53809522,28 ng/ml,Normal
42.0,2377784.0,6.79e-06,327.1,71.49303114,360 ng/ml,Normal
31.25,764000.0,8.71e-06,104.2,33.50511897,90 ng/ml,Normal
31.25,764000.0,8.71e-06,234.4,132.87416781,106 ng/ml,Normal
31.88,764000.0,8.71e-06,110.0,130.25957531,0,Normal
31.25,1712081.0,8.71e-06,104.2,55.67337354,28 ng/ml,Normal
36.45,764000.0,8.71e-06,169.4,126.30582708,300 ng/ml,Normal
56.62,2978520.0,6.79e-06,240.4,76.08866082,57 ng/ml,Normal
43.78,764000.0,6.79e-06,203.0,26.83468419,270 ng/ml,Normal
61.58,1789787.0,6.79e-06,352.3,14.9262981,270 ng/ml,Normal
42.5,764000.0,8.71e-06,124.0,163.12887196,300 ng/ml,Normal
61.58,6534131.0,8.71e-06,249.1,90.13338288,300 ng/ml,Normal
31.25,764000.0,8.71e-06,104.2,153.16674641,0,Normal
31.25,960272.0,8.71e-06,300.6,115.1009657,28 ng/ml,Normal
31.25,1413084.0,8.71e-06,104.2,124.79436918,28 ng/ml,Normal
34.78,1440554.0,6.79e-06,213.3,91.5204752,360 ng/ml,Normal
39.47,2597615.0,6.79e-06,201.5,81.55497479,330 ng/ml,Normal
44.35,764000.0,6.79e-06,104.2,130.21534565,360 ng/ml,Normal
59.25,2321977.0,6.79e-06,292.7,154.60467383,360 ng/ml,Normal
35.21,764000.0,8.71e-06,107.3,146.51151732,360 ng/ml,Normal
36.65,764000.0,6.79e-06,164.3,184.306769,180 ng/ml,Normal
31.42,764000.0,6.79e-06,104.2,76.19612725,200 ng/ml,Normal
54.29,1394588.0,6.79e-06,250.7,109.30245372,106 ng/ml,Normal
31.25,764000.0,8.71e-06,104.2,126.90960952,90 ng/ml,Normal
47.02,764000.0,6.79e-06,178.2,132.94503233,360 ng/ml,Normal
46.64,1068726.0,6.79e-06,256.6,156.5683114,240 ng/ml,Normal
31.25,764000.0,8.71e-06,104.2,132.87208356,28 ng/ml,Normal
39.86,764000.0,8.71e-06,174.4,6.13484308,150 ng/ml,Normal
36.04,2391004.0,8.71e-06,104.2,35.15612832,150 ng/ml,Normal
50.3,764000.0,8.71e-06,109.5,42.41235254,28 ng/ml,Normal
42.22,1727019.0,6.79e-06,427.5,0.0,270 ng/ml,Normal
31.25,764000.0,8.71e-06,107.4,65.34683354,28 ng/ml,Normal
31.25,764000.0,8.71e-06,210.9,142.11278475,90 ng/ml,Normal
49.97,802895.0,8.71e-06,260.2,85.79534546,90 ng/ml,Normal
51.55,5165533.0,6.79e-06,490.0,71.33703589,270 ng/ml,Normal
49.51,764000.0,8.71e-06,231.0,110.24887136,240 ng/ml,Normal
35.96,5805034.0,6.79e-06,208.1,31.48872186,10 ng/ml,Normal
31.25,1437896.0,6.79e-06,104.2,127.89806368,90 ng/ml,Normal
38.55,764000.0,8.71e-06,160.2,17.4282571,200 ng/ml,Normal
36.3,1725026.0,6.79e-06,369.5,79.04583019,57 ng/ml,Normal
31.25,937085.0,6.79e-06,394.4,53.6246519,90 ng/ml,Normal
39.79,1539300.0,6.79e-06,279.9,62.06136441,240 ng/ml,Normal
31.25,764000.0,8.71e-06,158.9,90.46823948,28 ng/ml,Normal
33.95,764000.0,8.71e-06,104.2,171.50502611,28 ng/ml,Normal
48.06,764000.0,6.79e-06,104.2,24.55952274,28 ng/ml,Normal
52.15,1968578.0,6.79e-06,383.2,19.77608733,0,Normal
43.02,764000.0,8.71e-06,257.5,60.89907443,57 ng/ml,Normal
31.8,764000.0,8.71e-06,114.6,145.17161811,150 ng/ml,Normal
41.14,764000.0,8.71e-06,104.2,29.95522379,57 ng/ml,Normal
57.86,764000.0,8.71e-06,198.6,65.70787392,0,Normal
31.25,764000.0,8.71e-06,104.2,60.51669848,90 ng/ml,Normal
55.78,2655141.0,6.79e-06,217.9,178.84723655,180 ng/ml,Normal
61.58,4070270.0,6.79e-06,361.2,69.44556471,57 ng/ml,Normal
45.87,2061700.0,6.79e-06,310.5,0.0,57 ng/ml,Normal
31.27,764000.0,8.71e-06,295.8,35.21268616,150 ng/ml,Normal
57.83,764000.0,6.79e-06,375.6,0.0,360 ng/ml,Normal
49.92,764000.0,8.71e-06,323.8,79.73176865,270 ng/ml,Normal
36.02,764000.0,6.79e-06,379.6,0.0,106 ng/ml,Normal
40.41,818328.0,6.79e-06,137.6,72.57459219,90 ng/ml,Normal
37.27,3451855.0,8.71e-06,156.2,43.09935879,10 ng/ml,Normal
41.46,764000.0,6.79e-06,243.7,0.12968856,180 ng/ml,Normal
39.76,948273.0,6.79e-06,116.0,9.97146888,90 ng/ml,Normal
37.01,942584.0,6.79e-06,104.2,27.91454362,28 ng/ml,Normal
37.96,764000.0,8.71e-06,146.5,8.14137887,240 ng/ml,Normal
31.25,2946209.0,8.71e-06,104.2,172.03372265,10 ng/ml,Normal
35.9,851702.0,8.71e-06,157.5,129.08418255,28 ng/ml,Normal
39.16,764000.0,6.79e-06,104.2,0.0,90 ng/ml,Normal
41.99,764000.0,8.71e-06,353.3,0.0,240 ng/ml,Normal
37.03,764000.0,8.71e-06,104.2,132.02329595,28 ng/ml,Normal
31.25,764000.0,8.71e-06,276.2,67.26860257,0,Normal
33.87,4276338.0,6.79e-06,172.7,42.51653084,240 ng/ml,Normal
43.19,764000.0,6.79e-06,253.9,91.0917628,28 ng/ml,Normal
31.25,764000.0,8.71e-06,140.9,147.53279999,0,Normal
38.73,764000.0,6.79e-06,281.1,0.0,120 ng/ml,Normal
31.25,764000.0,6.79e-06,104.2,16.3594473,150 ng/ml,Normal
33.25,764000.0,8.71e-06,104.2,119.20102209,10 ng/ml,Normal
41.49,764000.0,8.71e-06,163.1,0.0,270 ng/ml,Normal
31.25,764000.0,8.71e-06,104.2,68.11994728,120 ng/ml,Normal
33.96,764000.0,6.79e-06,126.8,120.164711,28 ng/ml,Normal
33.8,764000.0,8.71e-06,107.6,129.9330075,150 ng/ml,Normal
35.13,764000.0,8.71e-06,104.2,134.47944809,0,Normal
36.58,1438536.0,6.79e-06,217.7,83.74769131,0,Normal
37.45,2516350.0,6.79e-06,298.3,48.71113749,270 ng/ml,Normal
40.6,764000.0,6.79e-06,282.9,76.96316637,360 ng/ml,Normal
38.89,764000.0,8.71e-06,104.2,125.04477786,28 ng/ml,Normal
31.25,764000.0,6.79e-06,156.6,101.78381616,28 ng/ml,Normal
43.01,1479776.0,8.71e-06,205.6,10.03202413,0,Normal
37.68,764000.0,8.71e-06,104.2,156.77598983,0,Normal
49.61,1813129.0,6.79e-06,352.2,8.63053065,106 ng/ml,Normal
31.25,764000.0,8.71e-06,104.2,146.82134891,180 ng/ml,Normal
31.25,1467485.0,6.79e-06,128.8,107.40087548,200 ng/ml,Normal
32.31,1831028.0,8.71e-06,104.2,42.22725556,180 ng/ml,Normal
45.26,764000.0,8.71e-06,129.1,89.36674448,106 ng/ml,Normal
31.25,764000.0,8.71e-06,104.2,124.4942589,0,Normal
31.25,764000.0,8.71e-06,160.8,184.306769,180 ng/ml,Normal
31.25,764000.0,8.71e-06,168.7,30.74161455,28 ng/ml,Normal
54.62,1767726.0,6.79e-06,193.6,0.0,106 ng/ml,Normal
45.8,3787702.0,6.79e-06,273.1,35.55355753,106 ng/ml,Normal
31.25,764000.0,8.71e-06,206.5,184.306769,300 ng/ml,Normal
36.81,1783295.0,6.79e-06,157.4,39.31907618,10 ng/ml,Normal
31.25,1691436.0,6.79e-06,160.7,78.30584744,90 ng/ml,Normal
35.54,764000.0,6.79e-06,165.9,79.10874267,106 ng/ml,Normal
53.92,764000.0,6.79e-06,198.9,24.79616914,330 ng/ml,Normal
54.42,764000.0,8.71e-06,165.7,14.93427425,28 ng/ml,Normal
38.2,2849277.0,6.79e-06,430.7,138.63744975,240 ng/ml,Normal
31.25,764000.0,8.71e-06,104.2,168.03916045,28 ng/ml,Normal
31.25,1110103.0,8.71e-06,104.2,11.98889878,150 ng/ml,Normal
49.98,3083131.0,6.79e-06,482.6,0.0,0,Normal
31.25,764000.0,8.71e-06,104.2,101.45007479,90 ng/ml,Normal
56.4,764000.0,6.79e-06,104.2,32.73307531,57 ng/ml,Normal
35.21,3727677.0,6.79e-06,130.8,0.0,180 ng/ml,Normal
42.86,1531699.0,6.79e-06,157.7,0.0,270 ng/ml,Normal
31.25,764000.0,8.71e-06,104.2,8.11998265,240 ng/ml,Normal
38.79,764000.0,8.71e-06,170.9,166.15226684,120 ng/ml,Normal
46.24,764000.0,6.79e-06,453.4,152.14088461,180 ng/ml,Normal
31.25,764000.0,8.71e-06,104.2,78.8526443,0,Normal
31.25,764000.0,8.71e-06,104.2,46.75748255,150 ng/ml,Normal
32.22,2448805.0,8.71e-06,220.6,42.01661873,57 ng/ml,Normal
31.25,764000.0,8.71e-06,104.4,120.85517959,90 ng/ml,Normal
34.57,764000.0,8.71e-06,221.0,124.27225202,330 ng/ml,Normal
34.71,764000.0,6.79e-06,154.1,125.98337178,270 ng/ml,Normal
43.09,764000.0,8.71e-06,262.7,64.49000289,240 ng/ml,Normal
31.25,764000.0,8.71e-06,218.1,167.59626036,106 ng/ml,Normal
35.8,1331400.0,8.71e-06,418.6,107.20877759,0,Normal
38.24,8128489.0,6.79e-06,173.6,15.63765586,90 ng/ml,Normal
32.79,764000.0,8.71e-06,177.5,129.94028371,180 ng/ml,Normal
35.58,8782733.0,6.79e-06,295.6,36.33429593,270 ng/ml,Normal
37.51,764000.0,6.79e-06,218.2,46.9704836,0,Normal
31.25,764000.0,6.79e-06,104.2,93.18852603,90 ng/ml,Normal
61.58,6158717.0,6.79e-06,421.3,37.53656307,57 ng/ml,Normal
35.79,764000.0,8.71e-06,357.2,117.01541497,180 ng/ml,Normal
34.79,764000.0,8.71e-06,110.4,75.80105294,57 ng/ml,Normal
31.25,764000.0,8.71e-06,104.2,93.94487364,150 ng/ml,Normal
34.43,764000.0,8.71e-06,187.0,70.16734994,28 ng/ml,Normal
31.25,1143224.0,8.71e-06,104.2,102.6282984,28 ng/ml,Normal
35.01,1703770.0,8.71e-06,292.0,160.0841493,120 ng/ml,Normal
31.25,1074721.0,6.79e-06,157.6,15.97836546,28 ng/ml,Normal
34.83,764000.0,6.79e-06,164.5,93.09999477,270 ng/ml,Normal
31.25,3709961.0,8.71e-06,230.6,135.09813447,330 ng/ml,Normal
33.38,3665301.0,8.71e-06,250.9,0.0,200 ng/ml,Normal
34.21,1538366.0,6.79e-06,132.4,116.69524612,106 ng/ml,Normal
35.54,764000.0,8.71e-06,104.2,184.306769,106 ng/ml,Normal
31.25,3478526.0,6.79e-06,271.6,147.76629202,180 ng/ml,Normal
39.47,764000.0,6.79e-06,104.2,86.84955003,200 ng/ml,Normal
31.25,764000.0,6.79e-06,112.0,39.86115236,90 ng/ml,Normal
39.48,1282424.0,8.71e-06,150.6,94.38055507,150 ng/ml,Normal
48.99,7423717.0,6.79e-06,128.8,14.50427785,300 ng/ml,Normal
43.44,764000.0,8.71e-06,163.7,45.13667305,28 ng/ml,Normal
43.16,764000.0,6.79e-06,418.3,43.26417633,180 ng/ml,Normal
31.25,764000.0,8.71e-06,124.4,125.51854973,28 ng/ml,Normal
31.25,764000.0,8.71e-06,104.4,140.56703004,106 ng/ml,Normal
31.25,764000.0,8.71e-06,306.2,44.84563393,10 ng/ml,Normal
32.62,764000.0,6.79e-06,216.3,26.40148364,106 ng/ml,Normal
43.41,3416222.0,8.71e-06,364.1,90.72177687,28 ng/ml,Normal
31.25,764000.0,8.71e-06,104.2,184.306769,90 ng/ml,Normal
31.95,2603911.0,6.79e-06,156.8,71.1285082,300 ng/ml,Normal
31.25,764000.0,8.71e-06,104.2,92.59706011,0,Normal
33.64,3054339.0,6.79e-06,261.5,133.33761176,330 ng/ml,Normal
42.36,764000.0,8.71e-06,312.3,141.3137765,106 ng/ml,Normal
31.25,3331694.0,6.79e-06,104.2,80.63714833,28 ng/ml,Normal
34.16,1890307.0,6.79e-06,278.6,93.20638992,180 ng/ml,Normal
34.97,1444293.0,8.71e-06,299.3,26.90035985,300 ng/ml,Normal
35.74,9037609.0,6.79e-06,179.8,11.70439549,330 ng/ml,Normal
31.25,764000.0,6.79e-06,146.5,58.82482538,106 ng/ml,Normal
36.91,764000.0,8.71e-06,140.4,0.0,106 ng/ml,Normal
34.3,764000.0,8.71e-06,104.2,148.89536465,90 ng/ml,Normal
31.25,6148070.0,6.79e-06,104.2,66.39654756,28 ng/ml,Normal
31.25,5819016.0,8.71e-06,104.2,177.74394641,300 ng/ml,Normal
44.09,1182519.0,8.71e-06,264.5,111.33556215,28 ng/ml,Normal
45.82,1598031.0,6.79e-06,372.8,120.91126148,300 ng/ml,Normal
33.39,764000.0,6.79e-06,104.2,9.46007473,240 ng/ml,Normal
39.54,1586301.0,8.71e-06,130.0,81.10549338,300 ng/ml,Normal
34.07,764000.0,8.71e-06,300.2,184.306769,180 ng/ml,Normal
42.75,764000.0,8.71e-06,119.6,0.0,90 ng/ml,Normal
42.34,1513397.0,6.79e-06,336.2,29.83907194,180 ng/ml,Normal
31.25,764000.0,8.71e-06,121.6,81.02230301,0,Normal
33.31,764000.0,6.79e-06,104.2,0.0,240 ng/ml,Normal
43.65,1053607.0,8.71e-06,217.6,184.306769,240 ng/ml,Normal
31.25,764000.0,8.71e-06,104.2,157.77987056,57 ng/ml,Normal
31.25,764000.0,6.79e-06,138.1,51.41607758,28 ng/ml,Normal
52.9,764000.0,8.71e-06,232.5,106.88219579,330 ng/ml,Normal
33.8,764000.0,8.71e-06,198.4,180.28235179,240 ng/ml,Normal
36.01,764000.0,8.71e-06,170.1,29.83130733,28 ng/ml,Normal
34.54,764000.0,8.71e-06,104.2,75.28625866,90 ng/ml,Normal
31.25,875036.0,6.79e-06,256.0,93.73806468,106 ng/ml,Normal
46.13,2921543.0,6.79e-06,269.2,91.36074191,180 ng/ml,Normal
37.61,1199535.0,8.71e-06,176.7,0.0,240 ng/ml,Normal
33.91,764000.0,6.79e-06,200.4,34.45016162,106 ng/ml,Normal
36.01,764000.0,6.79e-06,181.6,55.43185248,180 ng/ml,Normal
31.25,764000.0,6.79e-06,107.8,76.97256339,90 ng/ml,Normal
35.64,764000.0,8.71e-06,112.8,153.93026641,57 ng/ml,Normal
31.97,1702521.0,8.71e-06,224.6,62.04422533,28 ng/ml,Normal
31.25,764000.0,8.71e-06,259.8,12.55906879,300 ng/ml,Normal
45.61,764000.0,8.71e-06,116.6,100.37507757,330 ng/ml,Normal
37.3,1986045.0,8.71e-06,129.1,184.306769,57 ng/ml,Normal
31.25,764000.0,6.79e-06,215.5,69.69636069,90 ng/ml,Normal
31.25,764000.0,6.79e-06,104.2,0.0,28 ng/ml,Normal
35.06,764000.0,6.79e-06,176.9,108.43515671,28 ng/ml,Normal
40.55,764000.0,8.71e-06,135.1,125.82625041,330 ng/ml,Normal
45.21,764000.0,6.79e-06,219.2,84.30999172,106 ng/ml,Normal
31.47,1035615.0,8.71e-06,104.2,179.41917351,106 ng/ml,Normal
31.25,764000.0,8.71e-06,120.4,22.65281942,90 ng/ml,Normal
46.36,764000.0,6.79e-06,244.3,30.1536382,270 ng/ml,Normal
31.25,764000.0,8.71e-06,159.7,56.86950615,300 ng/ml,Normal
38.16,1623229.0,6.79e-06,361.8,65.01953624,200 ng/ml,Normal
31.25,764000.0,8.71e-06,104.2,39.68783606,10 ng/ml,Normal
51.9,2760904.0,6.79e-06,414.0,0.0,57 ng/ml,Normal
31.25,2860042.0,6.79e-06,192.8,108.15947106,300 ng/ml,Normal
49.06,3147573.0,6.79e-06,176.7,109.44072195,270 ng/ml,Normal
42.04,2436556.0,8.71e-06,297.2,176.04700578,106 ng/ml,Normal
37.12,1104755.0,6.79e-06,260.0,0.0,90 ng/ml,Normal
58.27,764000.0,6.79e-06,351.7,0.0,0,Normal
31.25,764000.0,8.71e-06,104.2,88.49135389,360 ng/ml,Normal
37.41,764000.0,8.71e-06,182.5,68.51951362,150 ng/ml,Normal
37.75,764000.0,6.79e-06,207.4,160.17682689,90 ng/ml,Normal
38.71,764000.0,6.79e-06,196.5,30.73979161,150 ng/ml,Normal
52.99,3386158.0,6.79e-06,217.8,143.79937257,57 ng/ml,Normal
46.98,1956126.0,8.71e-06,298.7,129.10582765,106 ng/ml,Normal
31.25,1409976.0,8.71e-06,104.2,22.61253428,28 ng/ml,Normal
35.23,4700477.0,6.79e-06,104.2,120.7901572,57 ng/ml,Normal
42.2,1283432.0,6.79e-06,164.3,184.306769,106 ng/ml,Normal
33.19,982601.0,6.79e-06,230.3,0.0,28 ng/ml,Normal
31.25,3203900.0,8.71e-06,194.2,137.57304176,90 ng/ml,Normal
31.25,764000.0,8.71e-06,212.4,0.0,57 ng/ml,Normal
34.55,2523182.0,6.79e-06,249.9,61.6973112,200 ng/ml,Normal
31.25,764000.0,8.71e-06,203.6,69.9287095,28 ng/ml,Normal
40.29,6700378.0,6.79e-06,358.5,45.85550922,106 ng/ml,Normal
38.48,764000.0,8.71e-06,172.7,70.78459601,330 ng/ml,Normal
33.73,777253.0,6.79e-06,275.0,0.0,200 ng/ml,Normal
31.25,1531817.0,8.71e-06,207.3,75.65713701,150 ng/ml,Normal
31.63,764000.0,6.79e-06,189.7,86.05517594,28 ng/ml,Normal
31.25,764000.0,8.71e-06,104.2,161.98621127,28 ng/ml,Normal
52.48,3475566.0,6.79e-06,345.1,64.97248663,330 ng/ml,Normal
51.23,3762619.0,6.79e-06,140.8,133.98374492,57 ng/ml,Normal
31.25,764000.0,8.71e-06,104.2,184.306769,90 ng/ml,Normal
40.33,1809411.0,6.79e-06,112.5,0.0,28 ng/ml,Normal
56.0,764000.0,8.71e-06,275.8,0.0,57 ng/ml,Normal
36.62,764000.0,6.79e-06,121.9,0.0,150 ng/ml,Normal
31.25,764000.0,8.71e-06,104.2,165.42039011,270 ng/ml,Normal
41.99,2290947.0,8.71e-06,369.5,157.90275423,330 ng/ml,Normal
31.28,764000.0,8.71e-06,330.8,40.01554243,0,Normal
31.38,3664206.0,6.79e-06,363.3,53.14689506,10 ng/ml,Normal
31.25,2379809.0,6.79e-06,161.2,184.306769,90 ng/ml,Normal
31.25,764000.0,8.71e-06,104.2,24.07710278,90 ng/ml,Normal
42.54,764000.0,8.71e-06,245.8,74.75427242,330 ng/ml,Normal
43.68,5234882.0,8.71e-06,226.7,124.07609918,270 ng/ml,Normal
41.9,1872346.0,8.71e-06,303.1,135.72649551,106 ng/ml,Normal
31.29,2049177.0,8.71e-06,152.9,157.20050496,57 ng/ml,Normal
39.83,3268742.0,6.79e-06,249.5,26.87617632,360 ng/ml,Normal
55.27,3172396.0,6.79e-06,185.3,120.67092875,106 ng/ml,Normal
35.01,1601184.0,6.79e-06,224.1,0.0,300 ng/ml,Normal
31.25,6510172.0,6.79e-06,150.7,90.78161935,150 ng/ml,Normal
31.25,764000.0,6.79e-06,111.4,100.25265275,28 ng/ml,Normal
32.55,764000.0,8.71e-06,222.1,85.02920565,28 ng/ml,Normal
31.25,764000.0,8.71e-06,104.2,138.3489024,57 ng/ml,Normal
45.19,764000.0,6.79e-06,140.2,88.37082978,28 ng/ml,Normal
33.43,764000.0,6.79e-06,104.2,63.6515292,28 ng/ml,Normal
31.25,12611696.0,6.79e-06,331.8,41.10158617,300 ng/ml,Normal
55.68,4592158.0,6.79e-06,294.4,109.49049976,57 ng/ml,Normal
44.37,764000.0,8.71e-06,173.4,56.20783443,57 ng/ml,Normal
43.07,8356667.0,8.71e-06,318.4,95.64168284,240 ng/ml,Normal
47.54,764000.0,8.71e-06,182.1,184.306769,240 ng/ml,Normal
42.37,2650630.0,6.79e-06,419.5,0.0,90 ng/ml,Normal
43.21,764000.0,8.71e-06,273.4,108.55802483,330 ng/ml,Normal
38.28,764000.0,8.71e-06,104.2,55.74818569,90 ng/ml,Normal
59.92,764000.0,6.79e-06,155.7,31.88262029,28 ng/ml,Normal
39.63,764000.0,8.71e-06,202.4,24.49882439,57 ng/ml,Normal
31.25,1701428.0,8.71e-06,104.2,134.42806354,106 ng/ml,Normal
57.95,5595520.0,8.71e-06,332.3,87.44246653,200 ng/ml,Normal
33.83,3213699.0,6.79e-06,113.2,0.0,240 ng/ml,Normal
31.25,764000.0,6.79e-06,104.2,85.24654893,28 ng/ml,Normal
40.44,764000.0,8.71e-06,229.7,75.43723149,28 ng/ml,Normal
40.06,764000.0,6.79e-06,165.0,91.395036,106 ng/ml,Normal
38.36,1945812.0,6.79e-06,284.0,111.83632974,360 ng/ml,Normal
31.25,797686.0,8.71e-06,158.5,112.05290046,0,Normal
61.58,764000.0,6.79e-06,240.1,129.96223056,240 ng/ml,Normal
37.22,764000.0,8.71e-06,180.3,75.54286876,106 ng/ml,Normal
38.03,764000.0,8.71e-06,191.0,31.53120946,270 ng/ml,Normal
33.15,4309371.0,8.71e-06,104.2,31.74784707,150 ng/ml,Normal
31.5,2324993.0,8.71e-06,104.2,51.84419504,200 ng/ml,Normal
35.66,764000.0,6.79e-06,157.1,74.55926281,360 ng/ml,Normal
31.74,1293227.0,8.71e-06,299.0,174.46729957,120 ng/ml,Normal
31.25,764000.0,6.79e-06,296.5,42.37372236,90 ng/ml,Normal
54.99,764000.0,6.79e-06,228.2,36.98507977,106 ng/ml,Normal
61.58,764000.0,6.79e-06,260.6,54.32958891,240 ng/ml,Normal
34.54,764000.0,8.71e-06,104.2,91.67964271,200 ng/ml,Normal
43.25,764000.0,8.71e-06,104.2,34.22414178,57 ng/ml,Normal
37.7,764000.0,8.71e-06,272.3,11.60925413,57 ng/ml,Normal
35.4,1685634.0,8.71e-06,207.9,131.12743538,90 ng/ml,Normal
37.6,2106792.0,6.79e-06,281.3,97.14417847,150 ng/ml,Normal
48.34,764000.0,8.71e-06,248.8,33.48192468,90 ng/ml,Normal
37.08,1868797.0,8.71e-06,104.2,11.32268527,28 ng/ml,Normal
61.58,2683938.0,6.79e-06,277.1,42.88856953,360 ng/ml,Normal
31.25,764000.0,8.71e-06,104.2,155.02791352,57 ng/ml,Normal
31.25,764000.0,8.71e-06,104.2,123.47145816,106 ng/ml,Normal
31.25,764000.0,8.71e-06,104.7,0.0,120 ng/ml,Normal
37.44,911962.0,6.79e-06,427.1,0.0,0,Normal
38.42,1050850.0,8.71e-06,231.2,88.591269,90 ng/ml,Normal
31.25,764000.0,8.71e-06,104.2,175.60096377,360 ng/ml,Normal
36.52,764000.0,8.71e-06,269.8,102.4859301,270 ng/ml,Normal
46.42,764000.0,6.79e-06,191.3,0.0,28 ng/ml,Normal
34.76,797856.0,8.71e-06,199.3,94.79731881,270 ng/ml,Normal
31.25,764000.0,8.71e-06,104.2,184.306769,0,Normal
45.79,7934354.0,6.79e-06,114.0,20.95100102,28 ng/ml,Normal
31.25,764000.0,6.79e-06,104.2,144.93561875,360 ng/ml,Normal
38.92,3504991.0,6.79e-06,409.3,79.68862389,270 ng/ml,Normal
35.44,4634923.0,6.79e-06,433.5,37.81986558,57 ng/ml,Normal
43.7,764000.0,8.71e-06,210.5,3.44947628,28 ng/ml,Normal
40.41,764000.0,8.71e-06,131.4,131.72447355,180 ng/ml,Normal
35.97,1618921.0,6.79e-06,265.0,80.07160722,180 ng/ml,Normal
31.25,764000.0,8.71e-06,191.5,115.70494723,0,Normal
31.59,764000.0,6.79e-06,104.2,61.43140596,0,Normal
36.96,764000.0,8.71e-06,260.7,106.47378538,28 ng/ml,Normal
31.25,1811163.0,8.71e-06,104.2,92.87569288,240 ng/ml,Normal
43.72,1928259.0,8.71e-06,162.9,23.29312601,200 ng/ml,Normal
40.08,892397.0,6.79e-06,157.0,52.23922892,28 ng/ml,Normal
39.19,2133922.0,6.79e-06,319.8,160.96342919,300 ng/ml,Normal
33.56,3412487.0,6.79e-06,251.6,21.51646747,360 ng/ml,Normal
31.25,764000.0,8.71e-06,104.2,140.4740227,270 ng/ml,Normal
45.61,764000.0,6.79e-06,331.0,66.07814721,28 ng/ml,Normal
50.27,764000.0,8.71e-06,119.0,55.46994138,90 ng/ml,Normal
45.4,1127493.0,6.79e-06,254.5,18.35786386,200 ng/ml,Normal
31.25,764000.0,8.71e-06,130.9,41.40493792,270 ng/ml,Normal
31.25,887902.0,6.79e-06,119.7,147.7671195,90 ng/ml,Normal
36.9,3103227.0,6.79e-06,377.2,96.9969464,200 ng/ml,Normal
43.58,764000.0,8.71e-06,131.6,152.62628474,180 ng/ml,Normal
31.25,764000.0,6.79e-06,128.7,63.74184568,57 ng/ml,Normal
31.25,764000.0,8.71e-06,154.6,156.61103542,90 ng/ml,Normal
31.7,764000.0,8.71e-06,104.2,113.1903272,28 ng/ml,Normal
59.1,2828082.0,8.71e-06,137.2,114.25875125,57 ng/ml,Normal
31.25,764000.0,6.79e-06,193.0,54.48730445,57 ng/ml,Normal
42.67,3008775.0,6.79e-06,274.8,28.22233451,28 ng/ml,Normal
35.84,2370007.0,6.79e-06,491.8,86.49953882,300 ng/ml,Normal
51.43,2159174.0,6.79e-06,353.4,1.89158314,0,Normal
31.25,764000.0,8.71e-06,113.3,102.70002772,90 ng/ml,Normal
40.12,2307206.0,6.79e-06,116.7,137.20934008,120 ng/ml,Normal
31.25,764000.0,8.71e-06,104.2,15.74989429,200 ng/ml,Normal
61.58,2242432.0,6.79e-06,448.6,42.39017861,240 ng/ml,Normal
35.87,764000.0,6.79e-06,104.2,120.72305056,270 ng/ml,Normal
31.25,7899844.0,8.71e-06,104.2,118.38982252,28 ng/ml,Normal
42.39,764000.0,8.71e-06,142.1,106.45208118,90 ng/ml,Normal
33.21,764000.0,6.79e-06,104.2,26.60679163,28 ng/ml,Normal
31.52,1217549.0,8.71e-06,245.2,184.306769,180 ng/ml,Normal
44.65,764000.0,8.71e-06,277.8,113.78881813,90 ng/ml,Normal
35.88,764000.0,8.71e-06,104.2,60.6920897,330 ng/ml,Normal
31.25,853595.0,8.71e-06,196.0,147.43888429,200 ng/ml,Normal
33.64,764000.0,6.79e-06,275.7,55.78610349,106 ng/ml,Normal
44.63,764000.0,8.71e-06,124.3,1.33161663,150 ng/ml,Normal
32.6,764000.0,8.71e-06,128.4,85.28780727,200 ng/ml,Normal
35.79,2248804.0,8.71e-06,132.9,40.74687787,150 ng/ml,Normal
31.25,764000.0,8.71e-06,180.5,147.7781878,10 ng/ml,Normal
31.25,764000.0,8.71e-06,217.2,152.27871266,150 ng/ml,Normal
49.33,1847239.0,8.71e-06,134.6,97.70330973,270 ng/ml,Normal
49.65,764000.0,6.79e-06,263.8,133.22882012,106 ng/ml,Normal
44.48,764000.0,8.71e-06,104.2,96.23890455,120 ng/ml,Normal
31.51,905953.0,6.79e-06,228.7,52.52589111,180 ng/ml,Normal
44.2,2723047.0,6.79e-06,329.4,7.88425082,0,Normal
33.23,764000.0,8.71e-06,104.2,0.0,10 ng/ml,Normal
45.66,764000.0,8.71e-06,148.5,117.83677447,150 ng/ml,Normal
40.54,764000.0,8.71e-06,172.4,97.82190202,0,Normal
43.71,1581250.0,8.71e-06,226.8,184.306769,300 ng/ml,Normal
39.25,764000.0,6.79e-06,313.5,131.44263936,180 ng/ml,Normal
34.55,890344.0,6.79e-06,154.3,14.23177612,106 ng/ml,Normal
31.86,764000.0,8.71e-06,104.2,98.50725486,28 ng/ml,Normal
31.25,764000.0,8.71e-06,137.7,126.57880477,28 ng/ml,Normal
36.4,1048208.0,8.71e-06,210.2,132.17705451,57 ng/ml,Normal
34.07,3638808.0,6.79e-06,309.8,171.20794889,270 ng/ml,Normal
34.71,1718024.0,6.79e-06,194.2,114.49978702,90 ng/ml,Normal
31.37,764000.0,8.71e-06,163.8,70.27922907,57 ng/ml,Normal
33.87,1662631.0,8.71e-06,104.2,19.74797173,300 ng/ml,Normal
31.25,764000.0,8.71e-06,176.1,131.98278061,150 ng/ml,Normal
31.25,764000.0,6.79e-06,104.2,0.5874957,240 ng/ml,Normal
31.25,764000.0,8.71e-06,104.2,105.41269197,240 ng/ml,Normal
38.08,1885380.0,6.79e-06,388.4,59.71269114,57 ng/ml,Normal
37.24,764000.0,8.71e-06,104.2,95.50202329,106 ng/ml,Normal
31.25,764000.0,8.71e-06,150.8,119.1417205,270 ng/ml,Normal
31.68,764000.0,6.79e-06,104.2,50.78367248,28 ng/ml,Normal
31.25,764000.0,8.71e-06,120.0,27.10831204,28 ng/ml,Normal
47.54,4923248.0,6.79e-06,256.9,16.17617637,28 ng/ml,Normal
33.62,764000.0,8.71e-06,274.7,72.77098457,200 ng/ml,Normal
54.69,764000.0,8.71e-06,250.9,122.00228876,240 ng/ml,Normal
31.25,764000.0,6.79e-06,104.2,0.0,270 ng/ml,Normal
31.27,764000.0,8.71e-06,246.5,137.70174267,10 ng/ml,Normal
60.33,1803822.0,6.79e-06,267.4,0.0,120 ng/ml,Normal
31.25,764000.0,8.71e-06,106.9,99.00122141,28 ng/ml,Normal
31.25,5677722.0,8.71e-06,125.0,48.54506007,200 ng/ml,Normal
40.62,1510172.0,6.79e-06,480.9,184.306769,300 ng/ml,Normal
61.58,4032787.0,6.79e-06,493.8,0.0,106 ng/ml,Normal
31.25,764000.0,8.71e-06,122.1,133.47776671,90 ng/ml,Normal
32.55,764000.0,6.79e-06,178.6,0.0,360 ng/ml,Normal
57.2,764000.0,8.71e-06,349.2,118.87288642,240 ng/ml,Normal
31.25,764000.0,8.71e-06,121.4,184.306769,90 ng/ml,Normal
48.0,2653027.0,8.71e-06,182.6,117.90667152,300 ng/ml,Normal
31.25,1741111.0,8.71e-06,156.7,157.50774213,0,Normal
31.6,3336406.0,6.79e-06,418.6,115.69078677,180 ng/ml,Normal
31.25,3605788.0,8.71e-06,167.5,119.40992619,57 ng/ml,Normal
31.25,764000.0,8.71e-06,104.2,6.8517132,28 ng/ml,Normal
41.54,2747700.0,8.71e-06,104.2,96.91858326,360 ng/ml,Normal
55.87,3365746.0,8.71e-06,302.4,157.77061276,270 ng/ml,Normal
44.41,764000.0,6.79e-06,265.8,12.78600321,10 ng/ml,Normal
35.22,3205974.0,6.79e-06,249.1,164.95918595,150 ng/ml,Normal
31.25,3091845.0,6.79e-06,129.3,123.90661852,270 ng/ml,Normal
32.8,764000.0,6.79e-06,374.9,109.39977421,200 ng/ml,Normal
31.25,764000.0,8.71e-06,245.2,108.2493598,360 ng/ml,Normal
31.35,764000.0,8.71e-06,104.2,79.5040433,28 ng/ml,Normal
44.16,764000.0,8.71e-06,177.7,109.71721798,150 ng/ml,Normal
48.99,2869148.0,6.79e-06,394.6,49.24231025,90 ng/ml,Normal
35.39,1267695.0,8.71e-06,140.5,41.55712864,106 ng/ml,Normal
43.26,764000.0,8.71e-06,104.2,75.56921353,150 ng/ml,Normal
38.0,764000.0,6.79e-06,215.5,25.34152102,0,Normal
42.43,764000.0,8.71e-06,218.0,156.20358625,300 ng/ml,Normal
40.78,764000.0,8.71e-06,153.6,120.37115445,120 ng/ml,Normal
45.05,764000.0,6.79e-06,338.6,75.38084085,10 ng/ml,Normal
31.25,764000.0,8.71e-06,112.7,5.96232937,28 ng/ml,Normal
44.07,1902344.0,8.71e-06,179.2,37.40784973,90 ng/ml,Normal
37.77,2924835.0,8.71e-06,134.3,110.77243971,57 ng/ml,Normal
33.1,1144681.0,8.71e-06,252.9,91.15181565,28 ng/ml,Normal
49.04,764000.0,6.79e-06,354.7,62.0267083,240 ng/ml,Normal
31.25,1102233.0,8.71e-06,104.2,115.9713642,300 ng/ml,Normal
31.25,764000.0,6.79e-06,104.2,97.41302421,0,Normal
38.17,764000.0,6.79e-06,373.9,2.84080674,270 ng/ml,Normal
47.25,1616621.0,8.71e-06,184.9,82.85414091,106 ng/ml,Normal
41.29,8299524.0,6.79e-06,319.5,0.0,28 ng/ml,Normal
37.83,764000.0,8.71e-06,424.8,172.07831939,240 ng/ml,Normal
38.92,4959339.0,8.71e-06,128.5,89.41901658,57 ng/ml,Normal
31.78,1311704.0,6.79e-06,111.8,68.24027385,150 ng/ml,Normal
35.65,1692020.0,8.71e-06,146.8,115.4844211,90 ng/ml,Normal
33.13,764000.0,8.71e-06,173.4,78.98071526,57 ng/ml,Normal
31.25,764000.0,8.71e-06,119.7,88.05739275,330 ng/ml,Normal
33.94,764000.0,6.79e-06,206.4,110.414927,180 ng/ml,Normal
54.22,764000.0,6.79e-06,207.3,55.63308218,300 ng/ml,Normal
45.17,764000.0,6.79e-06,207.8,156.28795173,180 ng/ml,Normal
37.63,764000.0,8.71e-06,205.4,120.4384664,28 ng/ml,Normal
55.11,1924675.0,6.79e-06,186.1,0.0,0,Normal
36.01,764000.0,8.71e-06,152.2,107.5215038,90 ng/ml,Normal
50.16,5111451.0,6.79e-06,365.2,6.41685148,270 ng/ml,Normal
40.91,764000.0,8.71e-06,104.2,169.09465593,106 ng/ml,Normal
31.25,764000.0,6.79e-06,248.1,174.34626373,90 ng/ml,Normal
31.25,764000.0,8.71e-06,156.1,109.66498418,90 ng/ml,Normal
37.58,764000.0,6.79e-06,327.5,80.02018067,57 ng/ml,Normal
47.4,3279920.0,8.71e-06,343.9,137.88734982,180 ng/ml,Normal
42.63,895416.0,6.79e-06,147.7,0.0,90 ng/ml,Normal
31.25,764000.0,8.71e-06,104.2,79.60978556,28 ng/ml,Normal
37.12,3074960.0,6.79e-06,167.4,0.0,57 ng/ml,Normal
37.73,764000.0,6.79e-06,283.5,130.74401109,240 ng/ml,Normal
31.25,764000.0,8.71e-06,104.2,98.45492306,28 ng/ml,Normal
31.25,974067.0,8.71e-06,235.9,133.45441067,300 ng/ml,Normal
40.39,764000.0,8.71e-06,142.0,66.80631895,300 ng/ml,Normal
44.4,3269054.0,8.71e-06,256.8,27.56340654,90 ng/ml,Normal
37.54,7595892.0,6.79e-06,178.4,100.60552411,10 ng/ml,Normal
36.88,3236382.0,8.71e-06,493.8,83.32325161,106 ng/ml,Normal
38.28,2578042.0,6.79e-06,276.9,66.76192286,330 ng/ml,Normal
31.28,764000.0,8.71e-06,104.2,36.10119275,28 ng/ml,Normal
46.61,2793412.0,6.79e-06,333.8,52.95461207,57 ng/ml,Normal
31.25,764000.0,6.79e-06,198.9,138.37597899,28 ng/ml,Normal
31.25,764000.0,8.71e-06,104.2,92.63036612,240 ng/ml,Normal
48.15,764000.0,6.79e-06,243.1,28.22676432,10 ng/ml,Normal
31.25,764000.0,8.71e-06,183.9,184.306769,0,Normal
31.55,2495922.0,8.71e-06,182.5,81.40492044,90 ng/ml,Normal
39.55,764000.0,8.71e-06,128.9,148.02893245,90 ng/ml,Normal
53.91,2163165.0,6.79e-06,276.2,6.94622618,300 ng/ml,Normal
33.44,764000.0,8.71e-06,106.2,74.5286251,0,Normal
31.83,764000.0,8.71e-06,167.0,142.59236765,180 ng/ml,Normal
36.7,764000.0,8.71e-06,325.3,184.306769,180 ng/ml,Normal
31.25,764000.0,8.71e-06,104.2,112.04116177,28 ng/ml,Normal
36.64,764000.0,8.71e-06,104.2,90.37969034,57 ng/ml,Normal
31.25,764000.0,8.71e-06,104.2,91.43094965,90 ng/ml,Normal
57.71,1053519.0,6.79e-06,358.0,78.21589415,106 ng/ml,Normal
54.15,1955865.0,6.79e-06,399.2,0.0,200 ng/ml,Normal
33.32,2128749.0,8.71e-06,218.5,138.77307223,300 ng/ml,Normal
35.95,764000.0,6.79e-06,227.6,166.99749568,90 ng/ml,Normal
31.98,764000.0,6.79e-06,104.2,78.52589839,28 ng/ml,Normal
45.65,764000.0,8.71e-06,266.5,137.5288961,180 ng/ml,Normal
36.29,764000.0,8.71e-06,233.7,144.93449886,200 ng/ml,Normal
39.85,1361824.0,6.79e-06,167.5,52.10369976,57 ng/ml,Normal
34.62,764000.0,8.71e-06,104.2,59.16146292,28 ng/ml,Normal
37.22,6642731.0,6.79e-06,210.3,91.28552459,180 ng/ml,Normal
31.25,764000.0,8.71e-06,104.2,184.306769,106 ng/ml,Normal
31.25,764000.0,8.71e-06,108.8,148.79961356,120 ng/ml,Normal
44.33,3347752.0,8.71e-06,104.2,98.66880448,28 ng/ml,Normal
45.72,1333049.0,6.79e-06,152.5,59.36962664,270 ng/ml,Normal
35.91,764000.0,6.79e-06,199.7,123.93597845,90 ng/ml,Normal
39.58,974650.0,8.71e-06,165.1,79.04469319,120 ng/ml,Normal
61.58,2231118.0,6.79e-06,269.7,0.0,90 ng/ml,Normal
40.52,9238936.0,6.79e-06,315.5,159.14506698,120 ng/ml,Normal
31.25,764000.0,8.71e-06,155.6,27.64637837,300 ng/ml,Normal
31.25,764000.0,8.71e-06,104.2,86.26980381,270 ng/ml,Normal
43.14,1110517.0,6.79e-06,380.2,92.46998111,200 ng/ml,Normal
32.01,764000.0,8.71e-06,152.3,136.40413507,180 ng/ml,Normal
31.25,1730209.0,6.79e-06,166.2,125.54494816,0,Normal
31.25,764000.0,8.71e-06,104.2,106.94037592,106 ng/ml,Normal
33.8,1699318.0,6.79e-06,313.0,184.306769,106 ng/ml,Normal
56.71,764000.0,8.71e-06,149.4,48.19243291,270 ng/ml,Normal
55.35,818365.0,8.71e-06,219.3,121.18539639,106 ng/ml,Normal
31.25,764000.0,8.71e-06,313.2,71.01349647,28 ng/ml,Normal
34.07,764000.0,8.71e-06,186.8,100.93758563,10 ng/ml,Normal
35.61,764000.0,6.79e-06,242.2,119.92044309,57 ng/ml,Normal
44.91,764000.0,6.79e-06,206.4,53.38537374,28 ng/ml,Normal
31.25,1250735.0,8.71e-06,104.2,82.02181343,330 ng/ml,Normal
42.69,764000.0,6.79e-06,249.2,11.87115419,0,Normal
58.64,1739510.0,6.79e-06,286.4,129.08123661,0,Normal
45.76,764000.0,8.71e-06,250.2,158.25805359,10 ng/ml,Normal
37.84,764000.0,6.79e-06,104.2,80.85726655,90 ng/ml,Normal
52.78,764000.0,8.71e-06,219.4,184.306769,180 ng/ml,Normal
32.04,764000.0,6.79e-06,249.5,98.38525078,180 ng/ml,Normal
37.2,764000.0,6.79e-06,104.2,45.52373389,28 ng/ml,Normal
31.25,764000.0,8.71e-06,174.4,99.79391859,240 ng/ml,Normal
37.05,891090.0,6.79e-06,359.5,184.306769,240 ng/ml,Normal
34.3,19360765.0,6.79e-06,199.1,107.68887066,200 ng/ml,Normal
31.25,764000.0,8.71e-06,139.4,125.01870606,28 ng/ml,Normal
31.25,764000.0,6.79e-06,156.4,132.61377029,360 ng/ml,Normal
34.39,3447451.0,8.71e-06,202.0,117.15799324,330 ng/ml,Normal
31.89,764000.0,6.79e-06,216.9,143.22877949,90 ng/ml,Normal
53.56,1739667.0,8.71e-06,124.0,32.20459653,28 ng/ml,Normal
43.57,828290.0,8.71e-06,194.5,137.77457944,270 ng/ml,Normal
34.48,764000.0,8.71e-06,127.2,140.44078669,270 ng/ml,Normal
41.14,764000.0,6.79e-06,147.3,84.24226933,28 ng/ml,Normal
47.79,764000.0,8.71e-06,262.8,150.9506719,300 ng/ml,Normal
31.25,764000.0,8.71e-06,106.9,95.14561571,57 ng/ml,Normal
31.25,764000.0,8.71e-06,121.4,101.04701966,200 ng/ml,Normal
36.8,1370562.0,6.79e-06,320.4,0.0,180 ng/ml,Normal
34.0,4313740.0,8.71e-06,134.1,184.306769,360 ng/ml,Normal
35.06,1275640.0,8.71e-06,118.9,135.84647367,28 ng/ml,Normal
39.42,764000.0,8.71e-06,161.5,34.67410343,240 ng/ml,Normal
34.55,2005094.0,8.71e-06,116.1,66.90578747,90 ng/ml,Normal
31.25,764000.0,8.71e-06,234.6,172.07372782,0,Normal
31.25,764000.0,8.71e-06,127.6,0.0,200 ng/ml,Normal
31.25,764000.0,8.71e-06,152.1,51.97508908,0,Normal
50.07,764000.0,8.71e-06,247.3,57.29178149,150 ng/ml,Normal
50.42,764000.0,8.71e-06,120.1,103.8623348,106 ng/ml,Normal
39.64,764000.0,8.71e-06,126.8,159.56411951,200 ng/ml,Normal
35.35,2784795.0,6.79e-06,168.0,17.73217813,150 ng/ml,Normal
36.37,2207084.0,8.71e-06,107.1,49.84861867,28 ng/ml,Normal
31.25,764000.0,8.71e-06,110.2,107.67268506,90 ng/ml,Normal
31.25,764000.0,8.71e-06,104.2,19.32050132,150 ng/ml,Normal
31.25,764000.0,8.71e-06,116.8,160.65678308,120 ng/ml,Normal
42.23,1606196.0,8.71e-06,294.0,0.0,28 ng/ml,Normal
49.2,1099207.0,6.79e-06,185.6,4.14966618,360 ng/ml,Normal
40.17,764000.0,8.71e-06,104.2,184.306769,28 ng/ml,Normal
44.66,918558.0,8.71e-06,141.2,108.51740061,0,Normal
45.42,764000.0,6.79e-06,104.2,18.84751959,28 ng/ml,Normal
58.91,1497888.0,6.79e-06,471.0,101.3656891,150 ng/ml,Normal
31.25,764000.0,8.71e-06,104.2,10.21198515,330 ng/ml,Normal
45.77,764000.0,6.79e-06,141.2,8.3865116,200 ng/ml,Normal
31.25,764000.0,8.71e-06,104.2,137.58988997,28 ng/ml,Normal
39.02,997186.0,8.71e-06,262.5,94.48961502,0,Normal
44.92,777527.0,8.71e-06,253.6,166.93601963,106 ng/ml,Normal
32.49,872119.0,6.79e-06,141.3,75.08117387,270 ng/ml,Normal
32.28,4412253.0,8.71e-06,216.2,184.306769,120 ng/ml,Normal
36.19,2815115.0,8.71e-06,188.4,123.00474473,270 ng/ml,Normal
40.64,764000.0,8.71e-06,405.0,134.17627988,330 ng/ml,Normal
38.11,764000.0,8.71e-06,165.6,132.0770976,28 ng/ml,Normal
31.25,903533.0,8.71e-06,141.5,113.40132488,90 ng/ml,Normal
40.61,764000.0,6.79e-06,148.6,17.95388637,240 ng/ml,Normal
31.25,764000.0,8.71e-06,109.2,99.47369374,57 ng/ml,Normal
32.87,764000.0,8.71e-06,104.2,170.8675006,0,Normal
33.73,2601460.0,6.79e-06,164.7,38.18786019,28 ng/ml,Normal
34.54,764000.0,8.71e-06,144.0,78.46188469,0,Normal
32.6,2268745.0,8.71e-06,104.2,47.83350634,150 ng/ml,Normal
33.88,764000.0,8.71e-06,326.5,66.74022177,28 ng/ml,Normal
31.25,764000.0,6.79e-06,156.3,30.17761019,0,Normal
47.8,764000.0,6.79e-06,439.2,110.15915527,0,Normal
31.25,764000.0,8.71e-06,104.2,56.98246318,360 ng/ml,Normal
40.49,764000.0,6.79e-06,222.4,79.28997834,240 ng/ml,Normal
36.85,764000.0,8.71e-06,185.9,24.73470553,106 ng/ml,Normal
40.96,2096664.0,6.79e-06,104.2,135.07881938,120 ng/ml,Normal
34.75,764000.0,8.71e-06,253.5,184.306769,90 ng/ml,Normal
31.25,764000.0,6.79e-06,104.2,54.74109148,90 ng/ml,Normal
33.53,1772141.0,8.71e-06,175.6,141.71981957,120 ng/ml,Normal
51.22,764000.0,6.79e-06,368.6,0.0,200 ng/ml,Normal
31.25,764000.0,8.71e-06,104.2,165.15741993,28 ng/ml,Normal
38.19,901283.0,6.79e-06,198.7,0.0,270 ng/ml,Normal
31.25,764000.0,8.71e-06,104.2,104.79507727,0,Normal
31.25,979297.0,8.71e-06,147.3,95.63427675,240 ng/ml,Normal
44.27,7736110.0,6.79e-06,201.1,184.306769,240 ng/ml,Normal
41.06,1516349.0,8.71e-06,295.3,119.58397042,180 ng/ml,Normal
51.28,1106165.0,6.79e-06,418.7,52.48210319,270 ng/ml,Normal
35.58,1377296.0,6.79e-06,250.6,18.51936526,200 ng/ml,Normal
33.42,764000.0,8.71e-06,104.2,0.0,28 ng/ml,Normal
45.93,764000.0,6.79e-06,228.4,78.031396,57 ng/ml,Normal
57.67,1407323.0,8.71e-06,104.2,89.83242841,90 ng/ml,Normal
47.31,764000.0,8.71e-06,353.5,117.67572725,180 ng/ml,Normal
43.46,1179635.0,8.71e-06,155.0,96.75935664,106 ng/ml,Normal
37.89,764000.0,6.79e-06,245.8,0.0,90 ng/ml,Normal
31.25,764000.0,8.71e-06,104.2,66.76906686,28 ng/ml,Normal
35.95,6332386.0,6.79e-06,151.7,55.81314897,28 ng/ml,Normal
33.21,764000.0,8.71e-06,143.6,122.03420579,28 ng/ml,Normal
61.58,764000.0,8.71e-06,253.7,0.0,90 ng/ml,Normal
31.25,1394118.0,8.71e-06,177.6,45.31557328,360 ng/ml,Normal
31.25,764000.0,6.79e-06,192.6,78.355906,90 ng/ml,Normal
31.25,2213261.0,6.79e-06,104.2,118.04878317,300 ng/ml,Normal
31.25,764000.0,6.79e-06,104.2,59.96785626,240 ng/ml,Normal
31.25,780374.0,6.79e-06,105.0,0.0,90 ng/ml,Normal
31.25,1340421.0,8.71e-06,215.0,92.81489927,10 ng/ml,Normal
31.25,764000.0,8.71e-06,150.4,55.61071849,300 ng/ml,Normal
39.05,764000.0,6.79e-06,238.5,75.04605814,150 ng/ml,Normal
31.25,2757738.0,8.71e-06,131.3,57.04797397,330 ng/ml,Normal
33.49,764000.0,8.71e-06,143.4,59.46699846,0,Normal
41.76,2550437.0,8.71e-06,392.3,148.10114083,0,Normal
44.28,764000.0,6.79e-06,313.4,90.19905544,90 ng/ml,Normal
32.47,1208782.0,8.71e-06,257.4,184.306769,300 ng/ml,Normal
31.25,764000.0,8.71e-06,119.0,169.9300919,240 ng/ml,Normal
47.62,1246518.0,8.71e-06,240.2,122.94561735,10 ng/ml,Normal
31.25,764000.0,6.79e-06,104.2,0.0,360 ng/ml,Normal
45.3,764000.0,6.79e-06,118.4,162.05846321,0,Normal
31.25,2256967.0,6.79e-06,150.6,14.00881733,106 ng/ml,Normal
31.25,764000.0,8.71e-06,114.1,184.306769,106 ng/ml,Normal
36.03,895817.0,6.79e-06,341.0,6.86907781,90 ng/ml,Normal
35.95,2556527.0,8.71e-06,352.6,184.306769,330 ng/ml,Normal
43.94,2395611.0,8.71e-06,178.5,184.306769,90 ng/ml,Normal
31.25,764000.0,8.71e-06,104.2,126.27163604,28 ng/ml,Normal
40.06,764000.0,8.71e-06,104.2,79.17645669,28 ng/ml,Normal
31.25,764000.0,6.79e-06,225.3,17.9944577,28 ng/ml,Normal
51.56,2496083.0,6.79e-06,402.4,108.72241929,57 ng/ml,Normal
33.94,2227791.0,6.79e-06,122.6,89.60787863,0,Normal
56.07,764000.0,6.79e-06,210.8,0.0,120 ng/ml,Normal
37.42,764000.0,8.71e-06,155.6,114.84320304,106 ng/ml,Normal
47.8,764000.0,8.71e-06,139.6,11.82424922,90 ng/ml,Normal
45.96,2571213.0,8.71e-06,222.4,124.82011745,150 ng/ml,Normal
60.88,3281391.0,6.79e-06,382.2,41.55339254,150 ng/ml,Normal
31.25,838770.0,8.71e-06,104.2,82.13500028,28 ng/ml,Normal
53.86,3100773.0,8.71e-06,219.3,81.25811377,90 ng/ml,Normal
45.55,764000.0,6.79e-06,158.2,82.0351678,240 ng/ml,Normal
34.81,764000.0,8.71e-06,116.4,12.79197599,57 ng/ml,Normal
31.25,764000.0,8.71e-06,104.2,105.81389461,180 ng/ml,Normal
35.11,764000.0,6.79e-06,170.7,76.76071878,90 ng/ml,Normal
36.06,2718615.0,6.79e-06,113.3,103.47062484,0,Normal
31.25,764000.0,8.71e-06,144.5,76.56530009,120 ng/ml,Normal
44.09,3395142.0,8.71e-06,144.3,177.87434583,106 ng/ml,Normal
31.25,764000.0,6.79e-06,284.0,94.83517439,0,Normal
37.16,764000.0,8.71e-06,166.3,141.65987404,330 ng/ml,Normal
42.02,764000.0,6.79e-06,241.2,25.51049462,180 ng/ml,Normal
61.58,3025374.0,6.79e-06,436.9,63.51958682,120 ng/ml,Normal
46.93,10403673.0,6.79e-06,104.2,82.9112066,200 ng/ml,Normal
40.65,764000.0,8.71e-06,104.2,0.0,150 ng/ml,Normal
39.55,764000.0,8.71e-06,221.7,105.66668432,180 ng/ml,Normal
31.25,2317883.0,6.79e-06,104.2,136.16430629,28 ng/ml,Normal
42.13,764000.0,6.79e-06,145.8,121.65567482,0,Normal
54.06,764000.0,6.79e-06,349.3,0.0,150 ng/ml,Normal
31.25,4269813.0,6.79e-06,221.2,29.45234085,360 ng/ml,Normal
31.25,764000.0,6.79e-06,331.2,80.65697009,0,Normal
31.25,764000.0,8.71e-06,104.2,173.62549886,240 ng/ml,Normal
40.66,1300862.0,6.79e-06,225.9,16.55389853,0,Normal
33.24,764000.0,8.71e-06,243.2,73.03921204,180 ng/ml,Normal
31.71,966630.0,8.71e-06,121.9,65.99879482,90 ng/ml,Normal
46.87,2847783.0,8.71e-06,351.9,109.09474884,150 ng/ml,Normal
34.75,764000.0,8.71e-06,142.7,107.13484115,28 ng/ml,Normal
36.3,2958208.0,8.71e-06,175.2,128.64720858,57 ng/ml,Normal
52.56,764000.0,6.79e-06,218.5,0.0,28 ng/ml,Normal
38.03,764000.0,6.79e-06,228.0,69.99992242,240 ng/ml,Normal
31.25,871224.0,8.71e-06,104.2,137.21969911,300 ng/ml,Normal
31.25,764000.0,8.71e-06,193.4,79.85329444,106 ng/ml,Normal
32.53,2559851.0,6.79e-06,284.4,87.81234577,300 ng/ml,Normal
35.21,764000.0,8.71e-06,155.5,87.77708558,28 ng/ml,Normal
31.25,764000.0,8.71e-06,104.2,71.28778848,90 ng/ml,Normal
31.25,1607641.0,6.79e-06,263.2,120.8820602,180 ng/ml,Normal
51.36,1452344.0,6.79e-06,216.7,140.85329405,240 ng/ml,Normal
44.24,10162686.0,6.79e-06,349.2,81.70036486,300 ng/ml,Normal
35.96,3628113.0,8.71e-06,182.9,43.18125738,106 ng/ml,Normal
46.43,764000.0,6.79e-06,449.2,184.306769,240 ng/ml,Normal
44.38,1222499.0,6.79e-06,273.7,64.50006173,90 ng/ml,Normal
31.25,764000.0,8.71e-06,150.3,69.68926646,106 ng/ml,Normal
44.9,2812982.0,6.79e-06,255.4,91.51025343,200 ng/ml,Normal
31.25,764000.0,8.71e-06,104.2,173.71840665,28 ng/ml,Normal
31.25,764000.0,8.71e-06,263.2,66.77300672,200 ng/ml,Normal
32.4,764000.0,6.79e-06,180.9,38.46539835,270 ng/ml,Normal
50.1,7761588.0,6.79e-06,252.3,0.0,28 ng/ml,Normal
31.25,764000.0,8.71e-06,264.6,164.83064059,90 ng/ml,Normal
52.6,764000.0,8.71e-06,104.2,72.82052907,300 ng/ml,Normal
36.13,764000.0,6.79e-06,314.3,0.0,120 ng/ml,Normal
37.15,764000.0,8.71e-06,234.3,38.67885669,10 ng/ml,Normal
31.25,1988867.0,6.79e-06,175.5,0.0,330 ng/ml,Normal
33.86,1057284.0,8.71e-06,104.2,59.22444461,270 ng/ml,Normal
49.01,5852752.0,6.79e-06,390.1,85.51639956,10 ng/ml,Normal
49.33,764000.0,8.71e-06,104.2,90.35899637,240 ng/ml,Normal
31.25,764000.0,8.71e-06,104.2,41.36977631,57 ng/ml,Normal
35.83,764000.0,8.71e-06,204.0,167.31038832,90 ng/ml,Normal
31.25,764000.0,8.71e-06,266.2,116.13885393,120 ng/ml,Normal
58.97,2828442.0,6.79e-06,104.2,93.48109295,270 ng/ml,Normal
53.4,764000.0,6.79e-06,253.9,98.29717253,180 ng/ml,Normal
32.86,764000.0,6.79e-06,168.2,94.09280175,106 ng/ml,Normal
33.43,764000.0,6.79e-06,171.8,14.4762929,0,Normal
45.75,3331873.0,8.71e-06,289.2,60.97396901,0,Normal
38.07,1085830.0,8.71e-06,121.9,75.58360185,300 ng/ml,Normal
31.25,764000.0,6.79e-06,206.1,24.57125053,28 ng/ml,Normal
51.01,865688.0,8.71e-06,107.2,88.39332588,28 ng/ml,Normal
51.6,2997613.0,8.71e-06,165.8,90.10619742,330 ng/ml,Normal
51.75,764000.0,8.71e-06,104.2,60.3135214,90 ng/ml,Normal
31.25,764000.0,8.71e-06,104.2,78.68440874,120 ng/ml,Normal
57.2,4362617.0,6.79e-06,345.3,3.0287439,10 ng/ml,Normal
42.96,764000.0,8.71e-06,104.2,124.5403955,28 ng/ml,Normal
31.77,1845354.0,8.71e-06,129.7,26.24849344,28 ng/ml,Normal
61.58,1275029.0,6.79e-06,468.0,170.23583587,330 ng/ml,Normal
31.25,986155.0,8.71e-06,175.5,184.306769,360 ng/ml,Normal
48.76,1465904.0,6.79e-06,308.8,110.46737234,240 ng/ml,Normal
31.25,764000.0,8.71e-06,104.2,58.31838988,106 ng/ml,Normal
37.26,2185075.0,6.79e-06,290.9,22.9702663,330 ng/ml,Normal
38.99,764000.0,8.71e-06,104.2,0.0,300 ng/ml,Normal
41.91,764000.0,8.71e-06,168.9,124.70598452,28 ng/ml,Normal
31.25,764000.0,8.71e-06,104.2,92.18137271,28 ng/ml,Normal
32.13,764000.0,6.79e-06,355.9,73.55204961,240 ng/ml,Normal
32.82,1169275.0,8.71e-06,132.3,153.87207539,300 ng/ml,Normal
31.25,764000.0,8.71e-06,120.5,91.82004964,360 ng/ml,Normal
48.47,764000.0,8.71e-06,362.6,184.12174623,90 ng/ml,Normal
39.88,764000.0,8.71e-06,142.1,137.60810383,28 ng/ml,Normal
40.9,2739581.0,6.79e-06,104.2,181.47601129,270 ng/ml,Normal
36.54,1270168.0,8.71e-06,321.5,177.96635148,330 ng/ml,Normal
35.93,764000.0,8.71e-06,163.7,86.21803225,240 ng/ml,Normal
31.25,764000.0,8.71e-06,104.2,53.66732925,106 ng/ml,Normal
31.25,1201421.0,6.79e-06,166.4,70.22164466,28 ng/ml,Normal
31.25,764000.0,8.71e-06,104.2,115.52917338,28 ng/ml,Normal
41.42,1067806.0,8.71e-06,278.3,169.54033709,180 ng/ml,Normal
40.49,764000.0,6.79e-06,177.8,79.63933059,270 ng/ml,Normal
43.03,1051394.0,6.79e-06,263.7,69.04194341,330 ng/ml,Normal
42.24,2007695.0,8.71e-06,154.4,48.64080493,57 ng/ml,Normal
36.5,764000.0,6.79e-06,104.2,0.0,106 ng/ml,Normal
31.25,764000.0,8.71e-06,104.2,184.306769,106 ng/ml,Normal
55.28,1502945.0,8.71e-06,258.3,16.69997026,200 ng/ml,Normal
31.25,764000.0,8.71e-06,104.2,162.40614727,120 ng/ml,Normal
31.25,764000.0,8.71e-06,124.4,157.47905413,90 ng/ml,Normal
31.43,764000.0,8.71e-06,185.3,168.12075729,180 ng/ml,Normal
31.25,862161.0,6.79e-06,109.8,67.28134138,90 ng/ml,Normal
31.25,764000.0,8.71e-06,104.2,184.306769,240 ng/ml,Normal
31.25,764000.0,8.71e-06,147.1,140.76086532,28 ng/ml,Normal
31.25,1830095.0,8.71e-06,133.2,184.306769,200 ng/ml,Normal
32.96,764000.0,6.79e-06,182.5,0.0,0,Normal
45.51,4952772.0,6.79e-06,178.0,182.53412608,57 ng/ml,Normal
37.52,3708882.0,6.79e-06,194.7,80.91037916,270 ng/ml,Normal
55.89,764000.0,6.79e-06,250.6,142.82061483,270 ng/ml,Normal
55.09,1129319.0,6.79e-06,218.5,0.0,360 ng/ml,Normal
43.08,1081775.0,8.71e-06,240.7,20.25585687,300 ng/ml,Normal
50.25,9057738.0,6.79e-06,382.7,92.9624778,360 ng/ml,Normal
31.25,764000.0,6.79e-06,140.5,61.3369692,10 ng/ml,Normal
31.25,764000.0,8.71e-06,104.2,141.75124509,90 ng/ml,Normal
31.44,764000.0,8.71e-06,140.1,110.63367219,330 ng/ml,Normal
31.25,764000.0,8.71e-06,123.5,67.62730049,28 ng/ml,Normal
31.86,778785.0,8.71e-06,104.2,33.8835815,200 ng/ml,Normal
42.73,764000.0,6.79e-06,313.3,3.86238182,270 ng/ml,Normal
31.25,764000.0,8.71e-06,125.9,76.0838336,106 ng/ml,Normal
46.1,8920958.0,8.71e-06,210.9,143.66305638,57 ng/ml,Normal
36.53,764000.0,6.79e-06,172.1,5.72217395,270 ng/ml,Normal
35.7,764000.0,8.71e-06,425.5,102.37677449,10 ng/ml,Normal
33.55,764000.0,8.71e-06,137.8,97.16592544,28 ng/ml,Normal
31.25,1973993.0,6.79e-06,140.2,38.60544131,28 ng/ml,Normal
31.25,764000.0,6.79e-06,118.1,43.13091807,106 ng/ml,Normal
35.78,764000.0,8.71e-06,225.5,184.306769,106 ng/ml,Normal
31.99,764000.0,8.71e-06,207.9,60.09553682,200 ng/ml,Normal
42.77,2326630.0,8.71e-06,256.4,96.3416962,300 ng/ml,Normal
44.57,1576136.0,8.71e-06,188.5,0.0,300 ng/ml,Normal
41.57,1449216.0,8.71e-06,174.9,102.2832212,180 ng/ml,Normal
31.25,764000.0,8.71e-06,104.2,73.41545655,200 ng/ml,Normal
32.51,764000.0,8.71e-06,134.9,158.73668457,180 ng/ml,Normal
38.69,2546737.0,8.71e-06,164.4,181.57741163,57 ng/ml,Normal
32.49,764000.0,6.79e-06,176.2,56.92777494,0,Normal
53.69,3660506.0,6.79e-06,376.7,58.41877608,106 ng/ml,Normal
47.32,764000.0,8.71e-06,249.0,149.29969055,106 ng/ml,Normal
41.17,764000.0,8.71e-06,143.1,118.33677057,180 ng/ml,Normal
44.17,1793067.0,6.79e-06,456.1,27.69766337,330 ng/ml,Normal
38.51,764000.0,8.71e-06,105.2,61.61827923,57 ng/ml,Normal
60.22,12337923.0,6.79e-06,363.6,0.0,300 ng/ml,Normal
31.25,764000.0,8.71e-06,104.2,102.49461862,200 ng/ml,Normal
31.25,4228984.0,6.79e-06,104.3,38.09401916,270 ng/ml,Normal
38.61,2246584.0,6.79e-06,248.8,138.21458024,57 ng/ml,Normal
31.25,764000.0,8.71e-06,104.2,184.306769,90 ng/ml,Normal
31.25,764000.0,8.71e-06,130.6,119.44607082,28 ng/ml,Normal
31.25,1319920.0,6.79e-06,227.7,148.51343666,240 ng/ml,Normal
31.25,764000.0,6.79e-06,170.2,27.68204083,57 ng/ml,Normal
44.6,1333520.0,6.79e-06,367.0,140.6465613,330 ng/ml,Normal
41.45,7324226.0,8.71e-06,104.2,58.30081996,57 ng/ml,Normal
51.04,4640177.0,6.79e-06,212.3,123.9675564,300 ng/ml,Normal
33.05,764000.0,8.71e-06,104.2,148.26460828,0,Normal
39.55,2389585.0,6.79e-06,320.5,138.60488256,28 ng/ml,Normal
31.25,764000.0,8.71e-06,104.2,79.97611511,28 ng/ml,Normal
31.25,1618000.0,8.71e-06,111.7,104.24300602,28 ng/ml,Normal
31.74,764000.0,8.71e-06,192.7,124.07582543,106 ng/ml,Normal
61.58,4309874.0,8.71e-06,150.5,38.78615825,57 ng/ml,Normal
40.96,764000.0,8.71e-06,158.8,0.0,240 ng/ml,Normal
43.86,764000.0,6.79e-06,396.7,150.95485907,150 ng/ml,Normal
41.85,764000.0,6.79e-06,265.1,35.27935729,270 ng/ml,Normal
47.34,828886.0,6.79e-06,312.2,64.69127304,360 ng/ml,Normal
39.84,1719419.0,6.79e-06,194.7,66.36486695,150 ng/ml,Normal
38.21,1112075.0,8.71e-06,155.3,108.46908022,270 ng/ml,Normal
31.25,764000.0,8.71e-06,118.2,145.45891491,150 ng/ml,Normal
46.83,764000.0,8.71e-06,149.9,76.87529811,360 ng/ml,Normal
53.96,764000.0,8.71e-06,156.6,149.97485078,150 ng/ml,Normal
31.99,764000.0,8.71e-06,312.0,150.59111072,180 ng/ml,Normal
59.04,2796383.0,8.71e-06,282.7,97.7694979,300 ng/ml,Normal
35.15,3433222.0,6.79e-06,283.2,0.0,0,Normal
31.25,764000.0,8.71e-06,104.2,130.68363004,28 ng/ml,Normal
41.35,764000.0,6.79e-06,318.5,15.22516716,240 ng/ml,Normal
44.09,3332344.0,6.79e-06,395.7,65.98824603,300 ng/ml,Normal
31.57,764000.0,8.71e-06,162.1,97.82996138,300 ng/ml,Normal
39.76,764000.0,8.71e-06,104.2,163.90071653,28 ng/ml,Normal
34.82,764000.0,6.79e-06,104.2,52.32473918,28 ng/ml,Normal
31.25,764000.0,8.71e-06,104.2,184.306769,57 ng/ml,Normal
31.25,764000.0,8.71e-06,104.2,71.03997578,28 ng/ml,Normal
31.25,764000.0,8.71e-06,104.2,167.28746778,57 ng/ml,Normal
31.25,764000.0,8.71e-06,104.2,57.5878228,57 ng/ml,Normal
31.25,764000.0,6.79e-06,149.5,92.80133881,106 ng/ml,Normal
46.69,764000.0,8.71e-06,233.0,139.6546199,240 ng/ml,Normal
43.92,764000.0,6.79e-06,228.7,106.57679245,0,Normal
31.25,764000.0,6.79e-06,104.2,0.0,28 ng/ml,Normal
31.25,2321378.0,6.79e-06,128.5,22.40618728,240 ng/ml,Normal
57.03,764000.0,6.79e-06,223.5,0.0,300 ng/ml,Normal
32.58,2628732.0,6.79e-06,236.6,30.0719667,150 ng/ml,Normal
35.84,2799724.0,6.79e-06,297.5,0.0,270 ng/ml,Normal
58.57,1109052.0,6.79e-06,224.7,16.45519838,330 ng/ml,Normal
37.19,1689450.0,8.71e-06,189.7,21.94406232,106 ng/ml,Normal
31.25,861478.0,8.71e-06,109.0,73.06399595,240 ng/ml,Normal
43.35,1293872.0,6.79e-06,236.3,100.80150897,180 ng/ml,Normal
31.25,764000.0,8.71e-06,104.2,133.11327799,200 ng/ml,Normal
35.03,1493635.0,6.79e-06,209.9,80.21719133,0,Normal
38.23,1937211.0,6.79e-06,104.2,64.32306377,28 ng/ml,Normal
45.08,1678517.0,6.79e-06,159.6,42.27465515,28 ng/ml,Normal
37.07,1838873.0,6.79e-06,152.4,0.0,330 ng/ml,Normal
40.79,764000.0,8.71e-06,302.9,136.62749204,180 ng/ml,Normal
31.25,764000.0,8.71e-06,104.2,55.80545902,240 ng/ml,Normal
40.24,764000.0,6.79e-06,203.5,0.0,120 ng/ml,Normal
60.29,1970160.0,8.71e-06,324.5,17.3991958,200 ng/ml,Normal
40.6,764000.0,6.79e-06,209.6,44.12003484,28 ng/ml,Normal
43.33,841553.0,8.71e-06,111.0,67.81865334,10 ng/ml,Normal
32.48,764000.0,8.71e-06,194.1,82.13338187,57 ng/ml,Normal
31.25,1129328.0,8.71e-06,150.0,97.54489737,0,Normal
33.97,1663050.0,6.79e-06,288.6,88.03334085,150 ng/ml,Normal
38.86,5526864.0,8.71e-06,174.9,59.03319131,106 ng/ml,Normal
35.51,764000.0,8.71e-06,104.2,89.89914659,360 ng/ml,Normal
33.41,1793900.0,6.79e-06,308.3,143.73164377,28 ng/ml,Normal
32.92,764000.0,8.71e-06,136.3,30.21961872,270 ng/ml,Normal
31.25,764000.0,6.79e-06,104.2,0.0,200 ng/ml,Normal
54.87,891181.0,8.71e-06,470.7,152.13598196,106 ng/ml,Normal
34.68,764000.0,6.79e-06,255.1,2.03234159,270 ng/ml,Normal
47.71,764000.0,8.71e-06,225.0,83.27388404,270 ng/ml,Normal
31.25,764000.0,8.71e-06,109.1,176.7833061,120 ng/ml,Normal
38.42,2025628.0,6.79e-06,241.5,118.04204824,300 ng/ml,Normal
40.25,764000.0,8.71e-06,405.3,166.69684723,90 ng/ml,Normal
32.66,764000.0,8.71e-06,201.8,60.1408086,360 ng/ml,Normal
45.24,764000.0,8.71e-06,129.2,122.43868412,28 ng/ml,Normal
31.92,764000.0,8.71e-06,125.4,94.38403452,90 ng/ml,Normal
33.4,764000.0,8.71e-06,104.2,87.87289936,0,Normal
31.25,764000.0,8.71e-06,104.2,124.7298383,28 ng/ml,Normal
31.25,764000.0,8.71e-06,104.2,80.48913428,106 ng/ml,Normal
46.97,2027513.0,6.79e-06,262.7,109.02090105,57 ng/ml,Normal
31.25,915911.0,8.71e-06,114.6,159.01100924,28 ng/ml,Normal
31.25,764000.0,8.71e-06,104.2,119.05843759,28 ng/ml,Normal
45.95,901976.0,6.79e-06,316.9,0.0,200 ng/ml,Normal
31.25,764000.0,8.71e-06,148.5,54.16364837,28 ng/ml,Normal
52.39,1562831.0,6.79e-06,220.9,121.82676066,200 ng/ml,Normal
61.58,764000.0,6.79e-06,352.6,36.50078398,300 ng/ml,Normal
32.47,764000.0,8.71e-06,104.2,142.36870581,90 ng/ml,Normal
31.3,764000.0,8.71e-06,112.2,147.67211501,28 ng/ml,Normal
31.25,764000.0,8.71e-06,302.4,184.306769,240 ng/ml,Normal
33.51,764000.0,6.79e-06,311.6,57.46263402,106 ng/ml,Normal
49.9,1426181.0,8.71e-06,278.7,172.6527139,150 ng/ml,Normal
55.98,4058897.0,6.79e-06,229.9,11.98106573,57 ng/ml,Normal
39.22,764000.0,6.79e-06,285.3,121.65905628,10 ng/ml,Normal
41.62,764000.0,8.71e-06,120.4,0.0,106 ng/ml,Normal
53.7,1512344.0,6.79e-06,178.2,25.75285871,200 ng/ml,Normal
36.84,3738823.0,6.79e-06,158.3,107.01450369,10 ng/ml,Normal
31.25,764000.0,8.71e-06,104.2,114.07050923,200 ng/ml,Normal
31.97,962673.0,8.71e-06,146.0,36.53509945,240 ng/ml,Normal
45.17,4534924.0,8.71e-06,160.9,0.29348575,200 ng/ml,Normal
32.09,764000.0,8.71e-06,104.2,54.94423434,28 ng/ml,Normal
33.82,2629433.0,8.71e-06,152.9,102.1979147,57 ng/ml,Normal
58.61,764000.0,6.79e-06,139.0,77.65286425,360 ng/ml,Normal
36.06,865882.0,8.71e-06,104.2,88.82286635,90 ng/ml,Normal
38.61,2626364.0,6.79e-06,110.3,0.0,28 ng/ml,Normal
32.49,3001536.0,6.79e-06,275.0,21.56981184,0,Normal
49.57,764000.0,6.79e-06,221.2,118.94068678,240 ng/ml,Normal
36.0,764000.0,8.71e-06,104.2,82.59370022,240 ng/ml,Normal
56.01,764000.0,8.71e-06,235.2,64.67549806,106 ng/ml,Normal
33.91,1080239.0,8.71e-06,164.0,10.50098046,200 ng/ml,Normal
44.65,2210850.0,8.71e-06,154.7,75.41655308,28 ng/ml,Normal
56.65,764000.0,8.71e-06,195.7,155.4234669,300 ng/ml,Normal
31.25,994653.0,8.71e-06,104.2,79.64275793,90 ng/ml,Normal
49.68,903512.0,6.79e-06,202.7,28.45443289,180 ng/ml,Normal
34.47,2604627.0,6.79e-06,163.4,79.78440996,28 ng/ml,Normal
40.68,1428036.0,6.79e-06,322.1,81.08146423,300 ng/ml,Normal
42.69,764000.0,6.79e-06,205.8,34.43996435,180 ng/ml,Normal
31.25,764000.0,8.71e-06,199.7,140.54456369,106 ng/ml,Normal
38.3,3941837.0,8.71e-06,207.7,65.5573226,0,Normal
41.17,764000.0,8.71e-06,168.1,1.64352624,0,Normal
31.25,764000.0,8.71e-06,129.7,57.47949156,360 ng/ml,Normal
31.48,880386.0,6.79e-06,188.8,29.63633971,90 ng/ml,Normal
31.25,764000.0,6.79e-06,262.1,0.0,28 ng/ml,Normal
31.25,764000.0,8.71e-06,104.2,82.06576272,200 ng/ml,Normal
31.25,2068602.0,6.79e-06,338.2,54.0233441,0,Normal
32.26,764000.0,6.79e-06,250.6,31.06073506,90 ng/ml,Normal
34.22,2581427.0,6.79e-06,170.9,36.2909653,90 ng/ml,Normal
39.26,764000.0,6.79e-06,156.9,122.91462735,106 ng/ml,Normal
61.01,990679.0,6.79e-06,237.1,32.7962872,0,Normal
52.91,6498361.0,6.79e-06,345.8,39.23086573,270 ng/ml,Normal
34.98,764000.0,8.71e-06,104.2,21.28587472,28 ng/ml,Normal
40.18,764000.0,8.71e-06,226.0,17.363664,28 ng/ml,Normal
38.62,2400688.0,6.79e-06,253.9,0.0,120 ng/ml,Normal
61.58,1804481.0,6.79e-06,265.0,25.93273885,106 ng/ml,Normal
40.8,764000.0,6.79e-06,372.0,47.10386629,240 ng/ml,Normal
31.25,764000.0,8.71e-06,241.2,171.79099148,150 ng/ml,Normal
32.12,4877887.0,8.71e-06,104.6,60.74733945,28 ng/ml,Normal
32.67,1343388.0,6.79e-06,131.5,115.69290835,270 ng/ml,Normal
31.25,3519953.0,6.79e-06,265.6,105.800193,0,Normal
31.6,764000.0,8.71e-06,126.3,158.71689974,120 ng/ml,Normal
31.25,764000.0,6.79e-06,138.5,26.8470217,180 ng/ml,Normal
37.66,764000.0,6.79e-06,315.8,72.08562084,180 ng/ml,Normal
38.59,764000.0,8.71e-06,141.5,134.74724937,240 ng/ml,Normal
46.99,1697454.0,8.71e-06,297.9,144.05607133,270 ng/ml,Normal
50.9,2646617.0,6.79e-06,270.6,33.93011939,10 ng/ml,Normal
31.25,3290786.0,8.71e-06,104.2,107.23467207,90 ng/ml,Normal
43.76,3367264.0,8.71e-06,245.0,68.25559309,240 ng/ml,Normal
48.78,2119483.0,6.79e-06,178.5,60.28970807,28 ng/ml,Normal
44.34,764000.0,6.79e-06,226.4,0.0,28 ng/ml,Normal
31.25,1298010.0,6.79e-06,195.6,127.52552727,150 ng/ml,Normal
31.58,764000.0,8.71e-06,104.2,22.31342881,180 ng/ml,Normal
37.11,764000.0,6.79e-06,328.9,82.64341348,240 ng/ml,Normal
35.2,8308938.0,8.71e-06,377.6,128.12877464,0,Normal
53.07,3954558.0,8.71e-06,144.6,136.6092533,360 ng/ml,Normal
45.52,1551416.0,6.79e-06,270.0,117.31900314,240 ng/ml,Normal
31.25,1017500.0,6.79e-06,104.2,70.56668608,28 ng/ml,Normal
52.55,764000.0,8.71e-06,222.4,0.0,28 ng/ml,Normal
51.38,4914476.0,6.79e-06,252.8,105.82157056,90 ng/ml,Normal
51.16,1513301.0,8.71e-06,190.2,0.0,120 ng/ml,Normal
35.03,1589287.0,8.71e-06,221.2,139.55680324,330 ng/ml,Normal
31.25,764000.0,6.79e-06,171.1,124.39008372,200 ng/ml,Normal
39.5,764000.0,8.71e-06,118.4,79.61272295,90 ng/ml,Normal
33.02,764000.0,8.71e-06,104.2,106.02949009,180 ng/ml,Normal
32.72,764000.0,8.71e-06,212.2,118.06455193,240 ng/ml,Normal
34.24,773240.0,8.71e-06,143.8,95.07045204,90 ng/ml,Normal
53.21,2971628.0,6.79e-06,223.6,58.64534032,270 ng/ml,Normal
37.99,764000.0,8.71e-06,162.3,29.28491644,180 ng/ml,Normal
40.08,2954749.0,6.79e-06,273.0,101.18646845,300 ng/ml,Normal
31.25,12469189.0,6.79e-06,104.2,13.00988903,360 ng/ml,Normal
55.75,9602394.0,6.79e-06,461.7,35.69712816,360 ng/ml,Normal
31.25,1886765.0,8.71e-06,104.2,70.28605266,28 ng/ml,Normal
34.52,764000.0,8.71e-06,141.0,118.73474729,28 ng/ml,Normal
35.4,764000.0,8.71e-06,350.4,120.39632099,300 ng/ml,Normal
44.52,3620926.0,6.79e-06,410.9,47.29214253,0,Normal
31.25,764000.0,8.71e-06,140.0,126.50152263,106 ng/ml,Normal
31.25,764000.0,8.71e-06,104.2,0.0,330 ng/ml,Normal
38.81,2270182.0,6.79e-06,209.1,95.48702135,180 ng/ml,Normal
37.12,1419285.0,8.71e-06,111.3,156.36005435,106 ng/ml,Normal
31.25,764000.0,8.71e-06,104.2,119.97747378,28 ng/ml,Normal
31.66,764000.0,6.79e-06,140.9,0.0,106 ng/ml,Normal
33.9,1442883.0,8.71e-06,154.2,97.28670542,150 ng/ml,Normal
49.0,1406369.0,6.79e-06,184.7,0.18274051,90 ng/ml,Normal
31.25,764000.0,8.71e-06,104.2,116.12777319,0,Normal
31.25,764000.0,8.71e-06,104.2,178.72686021,90 ng/ml,Normal
35.74,764000.0,8.71e-06,119.9,69.41543952,180 ng/ml,Normal
57.72,1131102.0,8.71e-06,196.4,146.41529339,28 ng/ml,Normal
49.4,981056.0,8.71e-06,104.2,68.06932644,200 ng/ml,Normal
61.58,764000.0,6.79e-06,484.7,81.41128712,240 ng/ml,Normal
46.24,8689469.0,8.71e-06,284.3,68.53000642,90 ng/ml,Normal
32.84,7570267.0,8.71e-06,104.2,40.04332828,28 ng/ml,Normal
41.58,2258675.0,6.79e-06,159.5,23.14806841,330 ng/ml,Normal
31.25,764000.0,8.71e-06,104.2,184.306769,106 ng/ml,Normal
33.75,764000.0,8.71e-06,104.2,91.90113436,240 ng/ml,Normal
33.58,5338661.0,6.79e-06,108.2,97.85534879,28 ng/ml,Normal
31.25,2448501.0,8.71e-06,114.7,106.65303713,300 ng/ml,Normal
36.04,2000586.0,8.71e-06,260.9,111.80717979,240 ng/ml,Normal
41.74,1680230.0,6.79e-06,266.5,0.0,240 ng/ml,Normal
40.51,1281232.0,8.71e-06,169.5,15.55310373,150 ng/ml,Normal
36.62,764000.0,8.71e-06,124.3,52.61682353,90 ng/ml,Normal
31.5,764000.0,8.71e-06,137.5,77.82588581,200 ng/ml,Normal
35.2,2234426.0,6.79e-06,113.3,40.1196274,200 ng/ml,Normal
31.25,3730919.0,8.71e-06,299.2,149.44043655,300 ng/ml,Normal
46.5,8834277.0,8.71e-06,291.0,138.42276885,106 ng/ml,Normal
32.46,803162.0,6.79e-06,166.8,53.66543788,200 ng/ml,Normal
32.36,2585373.0,8.71e-06,158.3,184.306769,90 ng/ml,Normal
31.32,3450412.0,6.79e-06,368.3,114.18461104,150 ng/ml,Low Risk
46.27,1045880.0,8.71e-06,185.2,114.7072757,106 ng/ml,Low Risk
31.25,3213619.0,8.71e-06,104.2,102.51486852,28 ng/ml,Low Risk
52.25,4100982.0,6.79e-06,460.4,0.0,57 ng/ml,Low Risk
48.05,2186981.0,6.79e-06,206.3,52.72731991,200 ng/ml,Low Risk
32.17,4089320.0,6.79e-06,232.3,172.73733446,180 ng/ml,Low Risk
53.59,8275495.0,8.71e-06,475.3,108.28447164,90 ng/ml,Low Risk
38.6,3823081.0,8.71e-06,104.2,183.76847513,57 ng/ml,Low Risk
51.52,8713410.0,8.71e-06,328.4,146.81730484,360 ng/ml,Low Risk
48.04,764000.0,6.79e-06,170.0,172.06450734,330 ng/ml,Low Risk
36.93,899637.0,6.79e-06,104.2,3.15117961,270 ng/ml,Low Risk
36.45,764000.0,8.71e-06,208.8,164.51791594,180 ng/ml,Low Risk
45.51,1571891.0,6.79e-06,104.2,95.62866561,200 ng/ml,Low Risk
31.25,764000.0,6.79e-06,159.3,144.69471052,106 ng/ml,Low Risk
42.64,3982315.0,6.79e-06,402.2,184.306769,300 ng/ml,Low Risk
38.82,3104284.0,6.79e-06,265.2,111.51403931,0,Low Risk
31.25,1350318.0,8.71e-06,114.1,122.78232411,120 ng/ml,Low Risk
37.73,764000.0,8.71e-06,233.0,113.13661887,200 ng/ml,Low Risk
40.36,764000.0,8.71e-06,162.2,152.99128986,180 ng/ml,Low Risk
31.64,764000.0,6.79e-06,356.6,141.80163418,360 ng/ml,Low Risk
53.33,7488905.0,8.71e-06,173.0,96.24075627,0,Low Risk
55.77,2025700.0,6.79e-06,436.4,50.33744692,270 ng/ml,Low Risk
57.93,1615212.0,6.79e-06,160.8,184.306769,90 ng/ml,Low Risk
49.0,4315752.0,6.79e-06,317.3,122.64114571,240 ng/ml,Low Risk
31.25,1612259.0,8.71e-06,104.2,121.89273807,0,Low Risk
31.25,764000.0,8.71e-06,118.9,99.91442714,360 ng/ml,Low Risk
39.18,3036473.0,8.71e-06,201.5,165.62793167,106 ng/ml,Low Risk
48.92,764000.0,8.71e-06,104.2,18.80938714,240 ng/ml,Low Risk
31.25,2855105.0,6.79e-06,127.8,184.306769,106 ng/ml,Low Risk
31.37,3397581.0,6.79e-06,170.8,163.24025804,28 ng/ml,Low Risk
37.87,5409053.0,6.79e-06,261.8,183.92424018,28 ng/ml,Low Risk
31.25,3334174.0,8.71e-06,234.8,184.306769,330 ng/ml,Low Risk
57.66,2674434.0,8.71e-06,283.0,176.47150847,0,Low Risk
61.58,764000.0,8.71e-06,117.0,139.92147861,240 ng/ml,Low Risk
48.19,9848929.0,8.71e-06,214.6,184.306769,200 ng/ml,Low Risk
53.35,1289034.0,6.79e-06,202.0,122.06522379,90 ng/ml,Low Risk
34.39,2740018.0,6.79e-06,118.7,172.14059181,57 ng/ml,Low Risk
59.81,4877304.0,6.79e-06,493.8,138.41917585,270 ng/ml,Low Risk
36.18,2922671.0,8.71e-06,385.2,72.88667135,106 ng/ml,Low Risk
36.74,3182791.0,8.71e-06,211.3,184.306769,330 ng/ml,Low Risk
34.62,2302378.0,6.79e-06,209.9,75.61090009,270 ng/ml,Low Risk
52.87,13949081.0,6.79e-06,298.5,175.72064951,150 ng/ml,Low Risk
33.8,764000.0,6.79e-06,128.9,61.5948003,150 ng/ml,Low Risk
46.9,2372340.0,8.71e-06,364.9,184.306769,150 ng/ml,Low Risk
61.58,986363.0,6.79e-06,194.9,15.01140396,106 ng/ml,Low Risk
46.07,2489017.0,6.79e-06,446.9,0.0,360 ng/ml,Low Risk
31.56,5615316.0,6.79e-06,271.9,184.306769,180 ng/ml,Low Risk
49.91,3782280.0,6.79e-06,189.1,40.46634711,200 ng/ml,Low Risk
39.99,3330642.0,8.71e-06,276.7,163.12317916,10 ng/ml,Low Risk
32.21,2363494.0,8.71e-06,219.0,184.306769,120 ng/ml,Low Risk
56.77,804429.0,6.79e-06,339.7,110.99062495,106 ng/ml,Low Risk
31.25,850632.0,8.71e-06,140.4,155.55346813,57 ng/ml,Low Risk
51.13,10004148.0,8.71e-06,162.1,117.10531459,120 ng/ml,Low Risk
54.03,4672932.0,8.71e-06,394.9,90.13381918,57 ng/ml,Low Risk
46.7,4519577.0,6.79e-06,343.5,99.34406193,330 ng/ml,Low Risk
47.84,4971420.0,6.79e-06,241.0,135.03833204,200 ng/ml,Low Risk
31.25,3162734.0,6.79e-06,172.7,164.34580041,330 ng/ml,Low Risk
37.58,4886235.0,6.79e-06,205.2,113.4455732,28 ng/ml,Low Risk
39.11,2918358.0,6.79e-06,412.4,42.58374636,90 ng/ml,Low Risk
46.6,4189588.0,6.79e-06,450.2,74.61360263,150 ng/ml,Low Risk
44.97,764000.0,8.71e-06,458.0,95.56088781,0,Low Risk
43.96,2097654.0,6.79e-06,306.6,52.94263541,330 ng/ml,Low Risk
40.98,3442425.0,8.71e-06,343.2,72.19784995,330 ng/ml,Low Risk
47.66,1920639.0,6.79e-06,341.3,0.0,0,Low Risk
48.63,4609958.0,6.79e-06,264.7,56.22036793,57 ng/ml,Low Risk
36.41,1655054.0,8.71e-06,104.2,122.566374,200 ng/ml,Low Risk
31.25,1420123.0,6.79e-06,308.2,184.306769,270 ng/ml,Low Risk
52.89,2136180.0,8.71e-06,204.9,140.08434255,106 ng/ml,Low Risk
37.37,2603463.0,6.79e-06,144.3,179.69337997,106 ng/ml,Low Risk
39.59,2743387.0,6.79e-06,241.6,62.81632032,270 ng/ml,Low Risk
32.79,2585864.0,8.71e-06,200.6,178.28345617,200 ng/ml,Low Risk
31.25,764000.0,8.71e-06,104.2,184.306769,270 ng/ml,Low Risk
61.58,4182590.0,6.79e-06,312.0,62.32721054,360 ng/ml,Low Risk
38.14,3700943.0,6.79e-06,140.3,14.70529291,200 ng/ml,Low Risk
31.25,764000.0,8.71e-06,209.0,184.306769,360 ng/ml,Low Risk
31.25,1264437.0,8.71e-06,157.1,172.83370771,10 ng/ml,Low Risk
40.43,6450276.0,6.79e-06,263.8,84.28716451,240 ng/ml,Low Risk
35.71,13091485.0,8.71e-06,235.0,160.61647306,120 ng/ml,Low Risk
31.25,1189459.0,6.79e-06,394.8,26.48832533,120 ng/ml,Low Risk
38.53,3405365.0,8.71e-06,104.2,93.85058931,150 ng/ml,Low Risk
45.04,2772506.0,6.79e-06,260.4,106.24355193,300 ng/ml,Low Risk
38.14,764000.0,8.71e-06,179.8,184.306769,10 ng/ml,Low Risk
37.16,1120063.0,6.79e-06,315.7,151.96867576,57 ng/ml,Low Risk
31.25,4033722.0,8.71e-06,238.1,184.306769,28 ng/ml,Low Risk
35.22,2378288.0,8.71e-06,249.7,108.86721559,150 ng/ml,Low Risk
34.15,3148662.0,8.71e-06,346.1,107.95460325,300 ng/ml,Low Risk
61.58,4615978.0,6.79e-06,462.5,26.91811019,106 ng/ml,Low Risk
38.09,8627619.0,6.79e-06,477.4,73.81996521,270 ng/ml,Low Risk
43.66,3766142.0,6.79e-06,156.6,135.61650931,57 ng/ml,Low Risk
33.82,4674005.0,8.71e-06,306.2,112.12207735,270 ng/ml,Low Risk
61.57,3007409.0,6.79e-06,280.2,69.77019759,120 ng/ml,Low Risk
34.89,764000.0,8.71e-06,219.3,184.306769,240 ng/ml,Low Risk
61.58,5411306.0,6.79e-06,443.9,50.97198605,10 ng/ml,Low Risk
38.53,8163223.0,6.79e-06,180.8,184.306769,240 ng/ml,Low Risk
59.63,3212517.0,8.71e-06,340.1,160.38250818,120 ng/ml,Low Risk
61.58,764000.0,6.79e-06,389.0,30.8061641,10 ng/ml,Low Risk
59.27,2056676.0,6.79e-06,389.8,159.34112339,106 ng/ml,Low Risk
33.06,764000.0,8.71e-06,136.5,121.31311428,106 ng/ml,Low Risk
33.5,4299033.0,8.71e-06,220.2,169.45097563,106 ng/ml,Low Risk
33.6,764000.0,8.71e-06,104.2,184.306769,270 ng/ml,Low Risk
36.2,2261257.0,6.79e-06,216.6,114.41906432,0,Low Risk
61.58,3719211.0,6.79e-06,406.2,162.03687411,28 ng/ml,Low Risk
32.31,1378074.0,8.71e-06,230.8,68.0295717,360 ng/ml,Low Risk
38.48,4696624.0,6.79e-06,128.0,107.48698613,200 ng/ml,Low Risk
43.44,15702435.0,8.71e-06,246.8,183.12049103,57 ng/ml,Low Risk
61.58,3358178.0,6.79e-06,361.2,0.0,10 ng/ml,Low Risk
39.98,9797398.0,8.71e-06,285.4,163.4612819,330 ng/ml,Low Risk
61.58,764000.0,8.71e-06,250.3,184.306769,330 ng/ml,Low Risk
31.25,2065580.0,6.79e-06,232.7,80.04236861,90 ng/ml,Low Risk
31.89,944855.0,8.71e-06,104.2,151.79791033,270 ng/ml,Low Risk
61.58,3000424.0,6.79e-06,486.5,34.63864318,270 ng/ml,Low Risk
57.51,3601416.0,8.71e-06,240.8,138.66594487,240 ng/ml,Low Risk
31.25,764000.0,8.71e-06,120.9,184.306769,200 ng/ml,Low Risk
60.49,3745758.0,8.71e-06,367.7,80.98720867,270 ng/ml,Low Risk
31.25,6679481.0,6.79e-06,125.3,113.25069269,300 ng/ml,Low Risk
34.46,1462365.0,6.79e-06,318.8,184.306769,57 ng/ml,Low Risk
34.43,5319039.0,6.79e-06,348.0,110.75274665,270 ng/ml,Low Risk
31.25,1146697.0,6.79e-06,266.3,24.29341685,270 ng/ml,Low Risk
39.88,2430819.0,8.71e-06,267.9,152.65805867,57 ng/ml,Low Risk
39.74,1705819.0,6.79e-06,202.2,159.29475348,150 ng/ml,Low Risk
38.54,1368033.0,8.71e-06,292.9,59.29074243,360 ng/ml,Low Risk
54.93,3396862.0,8.71e-06,177.2,55.08041676,200 ng/ml,Low Risk
41.98,1011056.0,6.79e-06,170.4,83.81203495,28 ng/ml,Low Risk
34.5,1181835.0,6.79e-06,400.3,169.89415569,90 ng/ml,Low Risk
31.25,764000.0,8.71e-06,169.5,169.07999773,150 ng/ml,Low Risk
35.58,3367332.0,8.71e-06,147.0,167.72173845,120 ng/ml,Low Risk
32.97,3433112.0,6.79e-06,290.4,72.1587967,360 ng/ml,Low Risk
35.53,1719683.0,6.79e-06,304.1,87.04198643,90 ng/ml,Low Risk
45.88,1317641.0,6.79e-06,276.9,25.34021448,106 ng/ml,Low Risk
55.23,2376666.0,6.79e-06,392.0,68.55081782,106 ng/ml,Low Risk
54.45,4446517.0,6.79e-06,386.6,142.39310087,0,Low Risk
55.13,3744352.0,6.79e-06,445.2,59.62032152,106 ng/ml,Low Risk
32.0,5858073.0,8.71e-06,186.0,64.12611456,106 ng/ml,Low Risk
35.54,4020663.0,6.79e-06,297.9,184.306769,120 ng/ml,Low Risk
42.41,1359230.0,8.71e-06,385.3,74.51819763,300 ng/ml,Low Risk
58.8,3914159.0,8.71e-06,401.3,126.0139636,120 ng/ml,Low Risk
41.81,3530688.0,6.79e-06,410.5,113.38295237,90 ng/ml,Low Risk
39.01,2110382.0,6.79e-06,366.3,82.77288393,90 ng/ml,Low Risk
55.89,10480823.0,8.71e-06,266.1,72.00706638,200 ng/ml,Low Risk
33.02,3850290.0,6.79e-06,336.3,116.51916118,120 ng/ml,Low Risk
43.71,3815254.0,6.79e-06,326.3,168.27375371,330 ng/ml,Low Risk
36.68,1167083.0,6.79e-06,163.3,113.26975891,106 ng/ml,Low Risk
40.04,2107487.0,6.79e-06,289.9,143.02860435,106 ng/ml,Low Risk
33.22,2069360.0,6.79e-06,246.9,184.306769,330 ng/ml,Low Risk
33.04,2490013.0,6.79e-06,206.9,60.3325223,270 ng/ml,Low Risk
31.25,2221638.0,8.71e-06,255.1,114.69666469,150 ng/ml,Low Risk
37.37,11712707.0,6.79e-06,165.7,68.27452399,200 ng/ml,Low Risk
31.25,3416631.0,6.79e-06,172.3,156.1465089,120 ng/ml,Low Risk
31.25,1508260.0,8.71e-06,104.2,184.306769,330 ng/ml,Low Risk
31.61,4087875.0,8.71e-06,344.8,184.306769,120 ng/ml,Low Risk
40.76,764000.0,6.79e-06,184.6,121.07337882,106 ng/ml,Low Risk
53.08,1404890.0,8.71e-06,209.4,105.81103732,106 ng/ml,Low Risk
38.2,2117831.0,8.71e-06,269.4,100.28194891,57 ng/ml,Low Risk
41.54,5734388.0,6.79e-06,485.7,24.5022774,106 ng/ml,Low Risk
41.58,2149359.0,8.71e-06,149.6,173.40104687,150 ng/ml,Low Risk
54.07,1416503.0,6.79e-06,331.7,13.37961637,360 ng/ml,Low Risk
31.25,2257445.0,8.71e-06,193.8,117.07312381,150 ng/ml,Low Risk
38.15,4144802.0,8.71e-06,242.0,122.34444801,270 ng/ml,Low Risk
33.23,5127361.0,6.79e-06,198.0,64.39252997,106 ng/ml,Low Risk
59.99,2991998.0,8.71e-06,417.3,113.90496064,57 ng/ml,Low Risk
56.11,10104193.0,6.79e-06,416.3,32.52199986,150 ng/ml,Low Risk
31.25,764000.0,8.71e-06,206.6,104.81747674,300 ng/ml,Low Risk
43.1,3977097.0,6.79e-06,234.1,103.36614013,270 ng/ml,Low Risk
33.01,764000.0,6.79e-06,392.6,117.28820912,180 ng/ml,Low Risk
61.58,2715409.0,8.71e-06,273.5,184.306769,330 ng/ml,Low Risk
31.65,1581258.0,6.79e-06,137.7,69.42896848,0,Low Risk
49.85,2258860.0,6.79e-06,213.5,148.77439102,28 ng/ml,Low Risk
31.57,5413960.0,8.71e-06,201.5,163.69771677,106 ng/ml,Low Risk
58.22,4500064.0,6.79e-06,221.9,0.0,28 ng/ml,Low Risk
33.33,11708996.0,6.79e-06,165.5,93.28270887,106 ng/ml,Low Risk
55.54,2227718.0,8.71e-06,370.3,43.32382633,120 ng/ml,Low Risk
37.52,764000.0,6.79e-06,235.4,37.75824643,28 ng/ml,Low Risk
35.44,1492976.0,8.71e-06,123.4,95.96539491,300 ng/ml,Low Risk
61.58,2202407.0,8.71e-06,493.8,160.1220951,120 ng/ml,Low Risk
48.58,5177963.0,6.79e-06,283.3,112.70655403,180 ng/ml,Low Risk
53.46,2474536.0,6.79e-06,137.0,0.0,120 ng/ml,Low Risk
61.58,4104193.0,6.79e-06,456.2,0.0,120 ng/ml,Low Risk
42.38,12317565.0,6.79e-06,249.0,172.83213363,240 ng/ml,Low Risk
52.46,3825209.0,6.79e-06,396.2,131.53177994,200 ng/ml,Low Risk
32.18,1859865.0,8.71e-06,156.8,184.306769,10 ng/ml,Low Risk
40.29,5017710.0,6.79e-06,166.4,129.40333105,57 ng/ml,Low Risk
58.54,9534016.0,6.79e-06,184.3,121.80737402,90 ng/ml,Low Risk
35.2,2571273.0,6.79e-06,389.4,184.306769,10 ng/ml,Low Risk
61.58,4937834.0,6.79e-06,408.4,122.57581224,106 ng/ml,Low Risk
35.66,764000.0,6.79e-06,175.3,128.66905588,270 ng/ml,Low Risk
42.73,13289080.0,6.79e-06,158.9,184.306769,200 ng/ml,Low Risk
50.6,2035896.0,8.71e-06,161.4,181.37972515,10 ng/ml,Low Risk
35.25,9257765.0,6.79e-06,392.0,19.57311868,57 ng/ml,Low Risk
35.1,2041152.0,6.79e-06,268.6,184.306769,360 ng/ml,Low Risk
42.78,764000.0,8.71e-06,214.3,175.52238442,330 ng/ml,Low Risk
61.58,3696631.0,6.79e-06,296.3,158.92583495,120 ng/ml,Low Risk
52.12,1315529.0,6.79e-06,417.6,50.57365159,240 ng/ml,Low Risk
38.83,7679834.0,6.79e-06,179.6,174.08954631,360 ng/ml,Low Risk
39.45,2959709.0,6.79e-06,143.5,157.14767077,150 ng/ml,Low Risk
31.25,6616740.0,6.79e-06,104.2,84.84289545,180 ng/ml,Low Risk
31.25,1841969.0,6.79e-06,226.3,184.306769,240 ng/ml,Low Risk
40.07,1098552.0,8.71e-06,221.7,163.11984436,90 ng/ml,Low Risk
48.37,1858286.0,8.71e-06,267.1,37.61079349,200 ng/ml,Low Risk
31.25,764000.0,8.71e-06,153.5,184.306769,0,Low Risk
31.25,1772912.0,8.71e-06,331.8,153.53070629,270 ng/ml,Low Risk
38.21,3602253.0,6.79e-06,208.9,126.31878987,57 ng/ml,Low Risk
34.41,1708312.0,6.79e-06,212.2,48.12001299,90 ng/ml,Low Risk
34.82,3685557.0,8.71e-06,224.7,184.306769,28 ng/ml,Low Risk
49.06,3741204.0,6.79e-06,180.0,121.40038215,200 ng/ml,Low Risk
56.65,764000.0,6.79e-06,453.1,104.91571337,150 ng/ml,Low Risk
61.58,3275067.0,8.71e-06,493.8,91.27609607,106 ng/ml,Low Risk
35.07,4545763.0,6.79e-06,247.1,35.97792334,240 ng/ml,Low Risk
44.42,1809850.0,6.79e-06,255.5,75.03099632,0,Low Risk
31.25,3728966.0,6.79e-06,164.7,84.76352031,180 ng/ml,Low Risk
51.32,2340518.0,6.79e-06,267.5,69.98087175,200 ng/ml,Low Risk
43.66,2307356.0,6.79e-06,262.0,39.38755158,10 ng/ml,Low Risk
54.48,4718165.0,6.79e-06,484.1,178.30918266,150 ng/ml,Low Risk
34.51,3691361.0,8.71e-06,195.2,120.98866494,270 ng/ml,Low Risk
36.35,764000.0,8.71e-06,201.6,172.5634271,90 ng/ml,Low Risk
53.52,1912468.0,6.79e-06,296.3,0.0,180 ng/ml,Low Risk
41.57,4529610.0,6.79e-06,292.3,90.20098842,10 ng/ml,Low Risk
38.94,5281230.0,6.79e-06,359.7,49.22985452,240 ng/ml,Low Risk
45.28,2233416.0,8.71e-06,206.6,184.306769,57 ng/ml,Low Risk
53.08,2499475.0,6.79e-06,426.8,109.17264848,150 ng/ml,Low Risk
42.11,1957298.0,8.71e-06,190.6,103.37868451,180 ng/ml,Low Risk
39.86,1585154.0,6.79e-06,297.3,108.76554461,120 ng/ml,Low Risk
38.62,764000.0,6.79e-06,163.8,93.85641588,28 ng/ml,Low Risk
31.25,764000.0,8.71e-06,109.6,126.47696892,90 ng/ml,Low Risk
61.58,3769399.0,8.71e-06,486.4,129.60080911,360 ng/ml,Low Risk
61.58,4072659.0,6.79e-06,376.3,129.81598151,120 ng/ml,Low Risk
39.06,1000101.0,6.79e-06,294.5,141.72944445,57 ng/ml,Low Risk
31.64,4309027.0,8.71e-06,335.2,140.14357881,240 ng/ml,Low Risk
54.61,2382907.0,6.79e-06,355.3,97.89945791,150 ng/ml,Low Risk
41.53,3324040.0,8.71e-06,190.9,108.03266775,150 ng/ml,Low Risk
48.74,3952528.0,6.79e-06,269.4,184.306769,10 ng/ml,Low Risk
31.25,3099657.0,6.79e-06,114.6,184.306769,330 ng/ml,Low Risk
39.99,3297803.0,6.79e-06,437.9,125.69143052,180 ng/ml,Low Risk
45.04,4263196.0,6.79e-06,217.9,109.57169687,120 ng/ml,Low Risk
38.71,10270332.0,6.79e-06,428.3,126.80937574,106 ng/ml,Low Risk
43.09,917361.0,6.79e-06,220.6,50.08778484,28 ng/ml,Low Risk
59.67,5233012.0,6.79e-06,231.1,121.66722841,28 ng/ml,Low Risk
59.94,3588133.0,6.79e-06,234.6,184.306769,28 ng/ml,Low Risk
41.39,1226110.0,8.71e-06,357.1,171.74770751,57 ng/ml,Low Risk
34.68,1466435.0,6.79e-06,189.5,96.41365184,150 ng/ml,Low Risk
40.26,4777430.0,6.79e-06,399.0,184.306769,106 ng/ml,Low Risk
32.06,5211526.0,6.79e-06,314.6,123.88416772,200 ng/ml,Low Risk
33.36,2611899.0,6.79e-06,255.4,145.14003083,270 ng/ml,Low Risk
54.26,3467861.0,6.79e-06,303.7,120.87478088,150 ng/ml,Low Risk
53.91,2556224.0,8.71e-06,381.8,151.25453694,150 ng/ml,Low Risk
42.96,1999497.0,6.79e-06,264.4,3.96907055,360 ng/ml,Low Risk
35.75,2998587.0,6.79e-06,246.4,69.66762914,180 ng/ml,Low Risk
57.64,5248537.0,6.79e-06,212.4,126.3884225,120 ng/ml,Low Risk
53.59,1113572.0,6.79e-06,198.4,53.94801867,300 ng/ml,Low Risk
34.44,3225670.0,6.79e-06,216.3,86.36743808,300 ng/ml,Low Risk
39.95,10930555.0,6.79e-06,184.3,76.50795366,106 ng/ml,Low Risk
39.39,3119718.0,8.71e-06,138.0,111.72071451,270 ng/ml,Low Risk
43.86,3450333.0,6.79e-06,266.8,106.68723594,200 ng/ml,Low Risk
36.17,4087730.0,6.79e-06,232.8,60.84901664,120 ng/ml,Low Risk
41.63,3105619.0,6.79e-06,273.3,130.38336734,270 ng/ml,Low Risk
61.58,3553102.0,6.79e-06,448.2,106.94782479,330 ng/ml,Low Risk
42.74,1132030.0,8.71e-06,438.2,121.21194103,120 ng/ml,Low Risk
41.31,5081550.0,8.71e-06,241.8,74.28427708,90 ng/ml,Low Risk
60.08,3452072.0,8.71e-06,437.6,161.18179019,200 ng/ml,Low Risk
34.73,3238161.0,8.71e-06,171.7,146.77440039,106 ng/ml,Low Risk
37.72,4497290.0,6.79e-06,225.8,134.14595559,200 ng/ml,Low Risk
43.16,10820564.0,6.79e-06,299.6,77.49279227,120 ng/ml,Low Risk
39.52,4185959.0,6.79e-06,427.7,157.79449142,120 ng/ml,Low Risk
48.45,3989907.0,8.71e-06,267.0,148.76993633,106 ng/ml,Low Risk
36.63,764000.0,8.71e-06,227.4,155.00210615,28 ng/ml,Low Risk
36.42,12522399.0,6.79e-06,246.9,169.79106307,10 ng/ml,Low Risk
53.92,2232783.0,6.79e-06,216.9,90.55498901,180 ng/ml,Low Risk
41.78,2607914.0,6.79e-06,277.2,15.38768269,120 ng/ml,Low Risk
48.05,4521414.0,6.79e-06,157.6,156.9869844,240 ng/ml,Low Risk
60.83,3310337.0,6.79e-06,466.8,140.24435076,28 ng/ml,Low Risk
32.77,5019253.0,8.71e-06,315.5,184.306769,150 ng/ml,Low Risk
44.67,2836801.0,6.79e-06,248.7,85.82584259,57 ng/ml,Low Risk
41.02,764000.0,6.79e-06,464.2,113.70645913,28 ng/ml,Low Risk
61.58,4085117.0,6.79e-06,438.2,146.54288684,57 ng/ml,Low Risk
48.08,7409630.0,8.71e-06,188.3,64.42404259,330 ng/ml,Low Risk
40.65,3724143.0,6.79e-06,267.5,142.19274531,330 ng/ml,Low Risk
59.68,4824192.0,6.79e-06,348.9,184.306769,200 ng/ml,Low Risk
31.25,1432946.0,6.79e-06,206.8,163.49149419,300 ng/ml,Low Risk
54.1,4994040.0,6.79e-06,266.4,72.99760791,360 ng/ml,Low Risk
56.98,4430291.0,6.79e-06,407.6,41.53046579,10 ng/ml,Low Risk
31.64,764000.0,8.71e-06,204.5,43.86735837,90 ng/ml,Low Risk
31.25,3730522.0,6.79e-06,407.3,124.28205733,57 ng/ml,Low Risk
42.68,1987059.0,6.79e-06,367.4,29.98048366,200 ng/ml,Low Risk
50.16,1873962.0,6.79e-06,166.4,16.93266592,270 ng/ml,Low Risk
37.69,4004031.0,6.79e-06,323.7,170.83831487,106 ng/ml,Low Risk
38.54,1582696.0,8.71e-06,153.8,169.59717801,57 ng/ml,Low Risk
36.68,2188774.0,8.71e-06,362.1,101.81567719,200 ng/ml,Low Risk
45.41,5376190.0,6.79e-06,200.8,116.73937312,180 ng/ml,Low Risk
31.25,764000.0,8.71e-06,353.3,118.36820231,180 ng/ml,Low Risk
41.46,1621290.0,6.79e-06,364.0,48.16668775,10 ng/ml,Low Risk
31.25,6078375.0,8.71e-06,106.5,126.23117048,300 ng/ml,Low Risk
42.52,2069600.0,8.71e-06,284.8,184.306769,57 ng/ml,Low Risk
42.32,4714860.0,6.79e-06,166.3,150.06406914,28 ng/ml,Low Risk
31.25,4241238.0,6.79e-06,226.9,118.48524075,150 ng/ml,Low Risk
42.47,14393316.0,6.79e-06,391.8,31.45222571,200 ng/ml,Low Risk
35.3,9062577.0,8.71e-06,326.5,184.306769,150 ng/ml,Low Risk
59.52,10947159.0,6.79e-06,335.7,37.88654292,10 ng/ml,Low Risk
43.0,4190686.0,8.71e-06,259.3,184.306769,57 ng/ml,Low Risk
31.25,2381976.0,6.79e-06,185.2,163.57730931,240 ng/ml,Low Risk
52.48,764000.0,6.79e-06,366.4,121.60556571,180 ng/ml,Low Risk
45.53,1353735.0,8.71e-06,104.2,180.89039294,240 ng/ml,Low Risk
61.58,5162630.0,6.79e-06,493.8,147.72754985,106 ng/ml,Low Risk
44.24,1125412.0,8.71e-06,131.0,107.82240578,106 ng/ml,Low Risk
54.51,1809801.0,6.79e-06,197.8,108.48507451,270 ng/ml,Low Risk
31.25,764000.0,6.79e-06,250.6,181.85756598,200 ng/ml,Low Risk
42.18,764000.0,8.71e-06,309.3,123.08122117,106 ng/ml,Low Risk
37.57,9342166.0,6.79e-06,226.7,184.306769,180 ng/ml,Low Risk
35.69,5384595.0,8.71e-06,200.7,47.3625622,150 ng/ml,Low Risk
56.43,4229819.0,6.79e-06,308.7,74.49507023,300 ng/ml,Low Risk
61.3,3781227.0,6.79e-06,173.5,103.74708509,120 ng/ml,Low Risk
32.35,1631989.0,8.71e-06,122.0,76.7235398,106 ng/ml,Low Risk
61.58,4718397.0,6.79e-06,443.4,20.79445205,106 ng/ml,Low Risk
41.33,4348774.0,6.79e-06,291.2,54.69139922,200 ng/ml,Low Risk
53.97,5964866.0,6.79e-06,493.8,77.69987265,200 ng/ml,Low Risk
32.23,13987321.0,6.79e-06,324.1,73.78793308,120 ng/ml,Low Risk
51.58,4557099.0,6.79e-06,304.1,181.35469548,28 ng/ml,Low Risk
43.9,3385891.0,6.79e-06,449.9,113.06351145,120 ng/ml,Low Risk
42.36,1961370.0,6.79e-06,352.2,63.87582254,330 ng/ml,Low Risk
34.65,2535266.0,8.71e-06,190.7,36.19077818,300 ng/ml,Low Risk
31.25,2147859.0,6.79e-06,202.8,184.306769,300 ng/ml,Low Risk
42.04,3048082.0,6.79e-06,356.1,65.73821531,200 ng/ml,Low Risk
45.43,764000.0,8.71e-06,356.8,73.44264046,330 ng/ml,Low Risk
44.86,3408403.0,6.79e-06,263.3,139.13854708,28 ng/ml,Low Risk
31.25,1931138.0,6.79e-06,203.1,45.46290489,90 ng/ml,Low Risk
57.72,1699206.0,8.71e-06,210.2,109.52684038,120 ng/ml,Low Risk
31.25,4034544.0,8.71e-06,277.0,176.73261216,57 ng/ml,Low Risk
31.25,2390880.0,6.79e-06,104.2,162.28972167,200 ng/ml,Low Risk
36.36,4172370.0,6.79e-06,212.4,165.13798352,106 ng/ml,Low Risk
35.46,2248984.0,6.79e-06,340.7,21.12852316,28 ng/ml,Low Risk
52.51,2559020.0,6.79e-06,206.6,116.06038035,240 ng/ml,Low Risk
39.82,3194755.0,6.79e-06,214.3,156.20843291,90 ng/ml,Low Risk
44.96,10471242.0,8.71e-06,196.8,173.48959951,28 ng/ml,Low Risk
58.62,5057232.0,6.79e-06,389.9,144.56182245,106 ng/ml,Low Risk
42.01,2775371.0,6.79e-06,493.8,85.26896278,180 ng/ml,Low Risk
55.99,12567758.0,6.79e-06,454.9,63.18366477,28 ng/ml,Low Risk
35.5,2947581.0,8.71e-06,104.2,123.94296225,57 ng/ml,Low Risk
48.66,3608026.0,6.79e-06,430.9,184.306769,120 ng/ml,Low Risk
53.73,1864540.0,6.79e-06,346.4,84.22332637,106 ng/ml,Low Risk
37.5,1960017.0,6.79e-06,250.4,111.14384068,0,Low Risk
45.98,3543284.0,6.79e-06,368.2,184.306769,28 ng/ml,Low Risk
34.44,4737059.0,6.79e-06,104.2,87.68275507,240 ng/ml,Low Risk
32.34,2903312.0,8.71e-06,214.0,108.26871377,10 ng/ml,Low Risk
44.14,1724107.0,6.79e-06,218.9,90.01439708,106 ng/ml,Low Risk
44.55,4166018.0,6.79e-06,437.2,58.87893812,106 ng/ml,Low Risk
40.84,4073042.0,6.79e-06,425.9,44.31308308,106 ng/ml,Low Risk
43.26,2927930.0,6.79e-06,234.9,2.10621738,106 ng/ml,Low Risk
38.87,4402576.0,6.79e-06,451.4,25.6075398,120 ng/ml,Low Risk
51.43,10925826.0,8.71e-06,341.8,0.33956946,90 ng/ml,Low Risk
60.49,879109.0,6.79e-06,297.7,89.45921112,106 ng/ml,Low Risk
37.67,12502334.0,6.79e-06,398.6,63.18356056,28 ng/ml,Low Risk
48.07,3620690.0,6.79e-06,263.5,0.0,300 ng/ml,Low Risk
36.94,764000.0,8.71e-06,112.5,184.306769,0,Low Risk
57.1,1332531.0,8.71e-06,219.6,159.99831551,150 ng/ml,Low Risk
31.25,764000.0,8.71e-06,197.4,152.601983,0,Low Risk
31.25,4473873.0,8.71e-06,210.1,184.306769,180 ng/ml,Low Risk
42.37,764000.0,8.71e-06,120.7,144.1142748,106 ng/ml,Low Risk
47.74,3961567.0,6.79e-06,242.0,94.58774277,300 ng/ml,Low Risk
39.14,10042394.0,6.79e-06,166.4,158.57540092,300 ng/ml,Low Risk
39.6,4978177.0,8.71e-06,144.7,29.41343069,300 ng/ml,Low Risk
37.17,1332947.0,6.79e-06,156.5,3.52694195,106 ng/ml,Low Risk
59.95,10807670.0,6.79e-06,263.4,74.14317333,90 ng/ml,Low Risk
41.42,764000.0,8.71e-06,175.4,117.12654906,90 ng/ml,Low Risk
42.54,764000.0,6.79e-06,235.3,150.48306567,28 ng/ml,Low Risk
35.22,948745.0,6.79e-06,171.4,115.79682845,330 ng/ml,Low Risk
39.77,10867120.0,8.71e-06,169.8,173.89528795,270 ng/ml,Low Risk
49.43,5273932.0,8.71e-06,291.2,182.9254052,200 ng/ml,Low Risk
33.47,764000.0,8.71e-06,359.3,123.32689207,330 ng/ml,Low Risk
48.14,764000.0,8.71e-06,335.0,184.306769,180 ng/ml,Low Risk
31.25,2219385.0,8.71e-06,138.9,184.306769,10 ng/ml,Low Risk
42.11,4147543.0,6.79e-06,304.3,184.306769,57 ng/ml,Low Risk
42.04,764000.0,8.71e-06,242.0,57.17740903,240 ng/ml,Low Risk
61.48,4807350.0,8.71e-06,439.1,77.8087654,57 ng/ml,Low Risk
46.99,1207888.0,6.79e-06,210.2,17.24765525,90 ng/ml,Low Risk
41.61,3707509.0,8.71e-06,324.9,107.1336497,10 ng/ml,Low Risk
40.94,4512305.0,6.79e-06,464.5,157.68202901,106 ng/ml,Low Risk
39.32,4320383.0,6.79e-06,376.7,97.25316376,57 ng/ml,Low Risk
46.61,3797522.0,6.79e-06,402.1,97.8963222,106 ng/ml,Low Risk
31.25,4294219.0,6.79e-06,309.4,184.306769,120 ng/ml,Low Risk
37.52,4177977.0,6.79e-06,263.0,137.33644202,120 ng/ml,Low Risk
37.2,5783484.0,6.79e-06,184.4,38.5451287,106 ng/ml,Low Risk
32.0,2763297.0,6.79e-06,195.4,143.36888466,270 ng/ml,Low Risk
31.25,3442982.0,6.79e-06,206.3,34.38250748,180 ng/ml,Low Risk
40.47,3283341.0,6.79e-06,265.2,77.68402457,300 ng/ml,Low Risk
47.03,3886001.0,6.79e-06,283.3,57.13121644,150 ng/ml,Low Risk
58.64,4833277.0,6.79e-06,373.0,130.88012196,120 ng/ml,Low Risk
54.92,3276165.0,6.79e-06,226.0,92.48461286,360 ng/ml,Low Risk
43.15,2109784.0,6.79e-06,323.5,125.69885294,57 ng/ml,Low Risk
52.08,2131044.0,8.71e-06,186.8,34.93172611,300 ng/ml,Low Risk
36.04,1428680.0,8.71e-06,131.5,85.55158353,200 ng/ml,Low Risk
31.25,764000.0,6.79e-06,159.3,1.62865652,240 ng/ml,Low Risk
39.3,3822340.0,8.71e-06,266.4,156.53552334,150 ng/ml,Low Risk
37.1,2563739.0,6.79e-06,376.5,156.85918564,10 ng/ml,Low Risk
54.27,3578085.0,6.79e-06,255.1,40.09485593,120 ng/ml,Low Risk
61.22,3488094.0,6.79e-06,234.6,181.84809664,120 ng/ml,Low Risk
32.22,1839227.0,6.79e-06,243.3,146.44523194,360 ng/ml,Low Risk
37.61,764000.0,8.71e-06,253.2,17.00361753,0,Low Risk
39.47,4448601.0,6.79e-06,398.6,122.21993427,57 ng/ml,Low Risk
50.95,764000.0,8.71e-06,123.7,92.24061169,300 ng/ml,Low Risk
41.54,764000.0,8.71e-06,135.6,158.61302941,120 ng/ml,Low Risk
35.33,1285657.0,6.79e-06,240.0,118.84734969,120 ng/ml,Low Risk
50.71,5171708.0,6.79e-06,364.5,35.27521367,57 ng/ml,Low Risk
51.11,4013254.0,6.79e-06,172.0,124.12036306,360 ng/ml,Low Risk
46.65,1968321.0,8.71e-06,183.6,184.306769,240 ng/ml,Low Risk
42.51,3060240.0,6.79e-06,226.3,182.72588956,150 ng/ml,Low Risk
31.58,764000.0,6.79e-06,176.2,81.99880229,106 ng/ml,Low Risk
45.77,2686344.0,8.71e-06,225.8,93.25452093,120 ng/ml,Low Risk
31.25,6934015.0,6.79e-06,110.5,123.01881809,270 ng/ml,Low Risk
60.27,12483385.0,6.79e-06,493.8,44.80766325,240 ng/ml,Low Risk
52.16,12629706.0,6.79e-06,330.6,53.74878922,106 ng/ml,Low Risk
32.62,764000.0,8.71e-06,217.3,153.84300165,180 ng/ml,Low Risk
40.43,3635872.0,6.79e-06,269.1,124.72251854,106 ng/ml,Low Risk
58.76,4488088.0,8.71e-06,362.4,180.52401284,28 ng/ml,Low Risk
31.25,873436.0,6.79e-06,153.8,172.43403559,90 ng/ml,Low Risk
31.25,3317539.0,8.71e-06,376.8,65.68446343,180 ng/ml,Low Risk
55.77,1329029.0,6.79e-06,306.8,138.82646636,180 ng/ml,Low Risk
49.91,2698433.0,6.79e-06,455.4,0.0,300 ng/ml,Low Risk
31.7,764000.0,6.79e-06,204.4,36.68608939,28 ng/ml,Low Risk
39.82,11121217.0,6.79e-06,271.5,127.28130912,10 ng/ml,Low Risk
58.88,3521867.0,6.79e-06,239.4,95.23946841,330 ng/ml,Low Risk
42.29,13686726.0,6.79e-06,224.7,37.37881954,360 ng/ml,Low Risk
49.46,3074348.0,6.79e-06,379.3,113.76662242,200 ng/ml,Low Risk
42.59,2644605.0,6.79e-06,408.1,35.92106375,360 ng/ml,Low Risk
31.25,764000.0,8.71e-06,362.8,145.73612642,180 ng/ml,Low Risk
43.17,4564884.0,6.79e-06,426.2,102.33710685,120 ng/ml,Low Risk
46.45,928047.0,8.71e-06,104.2,131.92958867,90 ng/ml,Low Risk
45.05,4985992.0,6.79e-06,467.5,136.66177641,106 ng/ml,Low Risk
41.85,1012915.0,8.71e-06,186.7,184.306769,270 ng/ml,Low Risk
61.58,12676280.0,6.79e-06,370.0,175.0703323,106 ng/ml,Low Risk
36.3,10189878.0,6.79e-06,354.9,30.32469605,300 ng/ml,Low Risk
34.32,2413209.0,6.79e-06,318.0,27.2752636,180 ng/ml,Low Risk
44.52,3720492.0,6.79e-06,159.6,104.11764925,360 ng/ml,Low Risk
31.98,764000.0,6.79e-06,297.7,120.63209326,240 ng/ml,Low Risk
37.13,4774888.0,8.71e-06,200.6,184.306769,120 ng/ml,Low Risk
31.25,4369552.0,8.71e-06,211.5,184.306769,200 ng/ml,Low Risk
42.04,4899145.0,6.79e-06,335.4,106.35141188,120 ng/ml,Low Risk
40.15,12447478.0,6.79e-06,257.0,93.19252615,200 ng/ml,Low Risk
47.89,764000.0,6.79e-06,403.8,107.42303075,180 ng/ml,Low Risk
45.99,3371141.0,6.79e-06,136.2,29.22040422,120 ng/ml,Low Risk
47.41,2144786.0,8.71e-06,218.6,79.78785287,360 ng/ml,Low Risk
36.05,7621309.0,8.71e-06,317.6,184.306769,360 ng/ml,Low Risk
49.34,5769905.0,6.79e-06,488.6,122.214425,270 ng/ml,Low Risk
54.15,1407022.0,6.79e-06,336.3,73.1932148,330 ng/ml,Low Risk
47.55,2790358.0,6.79e-06,201.1,184.306769,330 ng/ml,Low Risk
31.25,764000.0,6.79e-06,175.9,0.0,360 ng/ml,Low Risk
34.9,3781003.0,6.79e-06,380.9,88.98759776,300 ng/ml,Low Risk
41.33,3863392.0,8.71e-06,398.4,147.25141375,120 ng/ml,Low Risk
31.25,1716295.0,6.79e-06,346.1,128.79015394,300 ng/ml,Low Risk
32.93,3330631.0,6.79e-06,225.1,41.88832535,200 ng/ml,Low Risk
44.3,2395403.0,8.71e-06,277.2,184.07902843,106 ng/ml,Low Risk
58.69,4048885.0,6.79e-06,423.0,123.68149771,120 ng/ml,Low Risk
32.11,1617270.0,8.71e-06,152.1,110.96730778,106 ng/ml,Low Risk
34.33,764000.0,8.71e-06,308.6,184.306769,300 ng/ml,Low Risk
37.72,8564493.0,6.79e-06,215.2,73.80067734,120 ng/ml,Low Risk
44.03,3334089.0,8.71e-06,184.2,111.96537594,57 ng/ml,Low Risk
53.24,1971132.0,6.79e-06,270.5,132.4326396,90 ng/ml,Low Risk
31.25,3403871.0,6.79e-06,211.9,120.22991693,90 ng/ml,Low Risk
61.58,11383103.0,6.79e-06,272.4,122.53902366,270 ng/ml,Low Risk
61.58,4523114.0,8.71e-06,387.9,96.41111885,270 ng/ml,Low Risk
48.21,1629725.0,6.79e-06,287.3,119.54390615,240 ng/ml,Low Risk
32.48,3033675.0,8.71e-06,104.2,49.91528979,200 ng/ml,Low Risk
32.04,4683265.0,8.71e-06,180.0,141.51425027,150 ng/ml,Low Risk
39.5,3649910.0,6.79e-06,213.0,109.41751523,150 ng/ml,Low Risk
37.74,4654272.0,6.79e-06,405.5,54.71717859,120 ng/ml,Low Risk
31.46,2258585.0,8.71e-06,214.7,179.47743297,270 ng/ml,Low Risk
43.15,764000.0,6.79e-06,199.5,109.95141462,270 ng/ml,Low Risk
34.87,764000.0,6.79e-06,224.6,23.66902523,28 ng/ml,Low Risk
48.26,9207250.0,6.79e-06,401.6,103.33411111,106 ng/ml,Low Risk
61.2,2089616.0,8.71e-06,315.9,140.94337099,106 ng/ml,Low Risk
43.89,3985726.0,6.79e-06,222.3,39.92841143,150 ng/ml,Low Risk
31.25,1428679.0,8.71e-06,195.2,81.74607216,300 ng/ml,Low Risk
45.16,9249057.0,8.71e-06,172.6,184.306769,57 ng/ml,Low Risk
43.34,3383529.0,6.79e-06,194.9,116.83164941,120 ng/ml,Low Risk
42.73,3146360.0,6.79e-06,338.2,110.2237717,28 ng/ml,Low Risk
40.39,4807445.0,6.79e-06,336.6,72.72786703,360 ng/ml,Low Risk
32.09,3203740.0,6.79e-06,307.6,177.35412939,300 ng/ml,Low Risk
61.58,1638091.0,6.79e-06,459.6,78.89827771,106 ng/ml,Low Risk
61.45,3913382.0,6.79e-06,220.1,180.37554578,120 ng/ml,Low Risk
39.01,1286163.0,8.71e-06,235.8,121.54985401,57 ng/ml,Low Risk
38.5,2487223.0,6.79e-06,153.8,124.05151436,120 ng/ml,Low Risk
50.8,1811009.0,6.79e-06,141.4,26.70252405,180 ng/ml,Low Risk
60.36,4225876.0,6.79e-06,369.1,80.1543294,240 ng/ml,Low Risk
55.22,3380885.0,8.71e-06,129.1,140.71038914,200 ng/ml,Low Risk
31.25,764000.0,8.71e-06,405.6,184.306769,200 ng/ml,Low Risk
44.63,5956125.0,6.79e-06,287.6,41.31669325,200 ng/ml,Low Risk
42.86,3675922.0,6.79e-06,310.6,66.15778579,270 ng/ml,Low Risk
37.28,3753493.0,6.79e-06,343.6,123.52787913,0,Low Risk
36.57,3394719.0,6.79e-06,289.8,87.63433922,200 ng/ml,Low Risk
61.58,1602299.0,6.79e-06,392.9,71.54121466,200 ng/ml,Low Risk
45.61,5045253.0,6.79e-06,328.8,132.0746245,28 ng/ml,Low Risk
31.25,2391779.0,8.71e-06,104.2,63.2370558,90 ng/ml,Low Risk
42.48,3189184.0,6.79e-06,336.3,45.37764661,200 ng/ml,Low Risk
36.91,3079510.0,8.71e-06,160.5,126.55762319,150 ng/ml,Low Risk
41.84,2211990.0,6.79e-06,472.9,58.46662052,120 ng/ml,Low Risk
59.99,764000.0,6.79e-06,358.8,142.05284545,90 ng/ml,Low Risk
58.84,3532266.0,6.79e-06,247.7,27.03798881,270 ng/ml,Low Risk
35.66,2170232.0,8.71e-06,169.4,184.306769,360 ng/ml,Low Risk
61.58,764000.0,6.79e-06,493.0,108.92272042,180 ng/ml,Low Risk
37.18,764000.0,8.71e-06,104.2,183.5080496,120 ng/ml,Low Risk
43.87,5436468.0,6.79e-06,253.2,110.13411005,0,Low Risk
35.8,4285192.0,6.79e-06,292.8,133.23948713,150 ng/ml,Low Risk
47.3,3415287.0,6.79e-06,215.9,24.06039144,28 ng/ml,Low Risk
45.93,4849589.0,6.79e-06,214.7,45.72539911,330 ng/ml,Low Risk
38.98,9833643.0,8.71e-06,261.1,37.90201304,150 ng/ml,Low Risk
58.11,3469010.0,6.79e-06,241.1,74.73817937,57 ng/ml,Low Risk
46.96,2831157.0,8.71e-06,229.9,184.306769,240 ng/ml,Low Risk
34.96,1028834.0,8.71e-06,120.4,93.86478632,106 ng/ml,Low Risk
32.01,4428818.0,6.79e-06,357.3,118.26009505,360 ng/ml,Low Risk
33.6,3533191.0,8.71e-06,119.0,76.63077355,120 ng/ml,Low Risk
61.58,4430213.0,6.79e-06,313.6,44.38319478,200 ng/ml,Low Risk
51.88,4312850.0,6.79e-06,190.9,103.16731198,150 ng/ml,Low Risk
36.39,3671977.0,6.79e-06,225.0,142.91669566,150 ng/ml,Low Risk
33.12,978520.0,8.71e-06,193.6,184.306769,106 ng/ml,Low Risk
31.99,2365448.0,6.79e-06,313.7,126.65915106,240 ng/ml,Low Risk
36.97,3880597.0,6.79e-06,312.6,179.29529438,270 ng/ml,Low Risk
41.6,1829288.0,6.79e-06,256.3,59.85317894,28 ng/ml,Low Risk
44.59,2678339.0,8.71e-06,248.1,130.98731465,300 ng/ml,Low Risk
31.25,8229689.0,6.79e-06,368.6,144.88298365,180 ng/ml,Low Risk
31.25,1456378.0,6.79e-06,104.2,155.47658729,28 ng/ml,Low Risk
50.01,764000.0,8.71e-06,159.5,125.96173602,330 ng/ml,Low Risk
32.14,2459084.0,6.79e-06,309.8,173.10810704,120 ng/ml,Low Risk
34.11,2613165.0,6.79e-06,275.1,122.2459594,330 ng/ml,Low Risk
31.25,4275180.0,6.79e-06,233.3,51.75417098,330 ng/ml,Low Risk
38.78,2450708.0,6.79e-06,321.3,157.71583742,28 ng/ml,Low Risk
39.34,4068000.0,6.79e-06,439.5,127.51776577,120 ng/ml,Low Risk
55.53,11675621.0,6.79e-06,244.5,42.40211483,120 ng/ml,Low Risk
46.27,4578855.0,6.79e-06,163.8,184.306769,270 ng/ml,Low Risk
61.33,3758387.0,8.71e-06,310.5,184.306769,90 ng/ml,Low Risk
47.75,764000.0,8.71e-06,408.0,67.11293551,330 ng/ml,Low Risk
31.39,12193290.0,6.79e-06,378.1,95.53340292,330 ng/ml,Low Risk
31.27,6519478.0,6.79e-06,226.6,0.0,200 ng/ml,Low Risk
33.6,7165322.0,6.79e-06,329.3,125.12726129,300 ng/ml,Low Risk
36.46,764000.0,8.71e-06,221.9,174.77435631,240 ng/ml,Low Risk
37.83,7207915.0,8.71e-06,149.2,157.62022943,200 ng/ml,Low Risk
38.79,15829417.0,6.79e-06,281.0,83.091817,120 ng/ml,Low Risk
34.7,2695712.0,6.79e-06,365.3,67.79617454,0,Low Risk
31.25,6208434.0,8.71e-06,136.2,184.306769,270 ng/ml,Low Risk
42.8,3841082.0,6.79e-06,293.4,132.45100278,106 ng/ml,Low Risk
34.34,3455763.0,6.79e-06,132.1,0.0,90 ng/ml,Low Risk
36.42,764000.0,8.71e-06,169.2,171.26814951,106 ng/ml,Low Risk
40.7,2837761.0,8.71e-06,242.5,159.31559598,90 ng/ml,Low Risk
34.35,1862500.0,8.71e-06,233.6,165.20655225,300 ng/ml,Low Risk
31.25,2679129.0,6.79e-06,436.3,162.85183465,200 ng/ml,Low Risk
39.25,1461150.0,6.79e-06,161.2,138.29680547,90 ng/ml,Low Risk
53.45,1916570.0,8.71e-06,234.9,0.0,150 ng/ml,Low Risk
36.64,14468353.0,6.79e-06,344.9,135.03556341,200 ng/ml,Low Risk
61.58,4390143.0,6.79e-06,331.3,9.22291815,28 ng/ml,Low Risk
43.86,10604278.0,6.79e-06,246.1,160.51272716,360 ng/ml,Low Risk
57.36,3134690.0,8.71e-06,258.1,70.98461249,330 ng/ml,Low Risk
31.62,806067.0,6.79e-06,263.5,110.17591171,10 ng/ml,Low Risk
49.29,6607339.0,8.71e-06,382.5,184.306769,200 ng/ml,Low Risk
34.79,764000.0,6.79e-06,168.4,113.10987825,240 ng/ml,Low Risk
49.27,14621030.0,6.79e-06,410.7,177.56109233,240 ng/ml,Low Risk
39.17,3638742.0,6.79e-06,229.6,85.87855837,270 ng/ml,Low Risk
61.58,3193024.0,6.79e-06,430.2,25.3962777,10 ng/ml,Low Risk
55.3,5607353.0,6.79e-06,265.9,164.96927746,57 ng/ml,Low Risk
46.13,2821942.0,6.79e-06,474.8,72.12597131,28 ng/ml,Low Risk
32.76,3980503.0,8.71e-06,270.4,184.306769,300 ng/ml,Low Risk
35.14,9292926.0,6.79e-06,228.4,74.60482545,106 ng/ml,Low Risk
31.25,2194098.0,8.71e-06,215.6,184.306769,270 ng/ml,Low Risk
33.81,1729951.0,6.79e-06,193.8,57.08204991,28 ng/ml,Low Risk
42.28,14287026.0,6.79e-06,240.6,88.69035605,106 ng/ml,Low Risk
31.25,1664283.0,6.79e-06,175.8,40.50671002,57 ng/ml,Low Risk
31.25,3383756.0,6.79e-06,104.2,152.09355035,330 ng/ml,Low Risk
33.43,1210919.0,8.71e-06,240.6,104.81508763,150 ng/ml,Low Risk
34.56,4459706.0,6.79e-06,232.5,137.83429788,57 ng/ml,Low Risk
45.89,11793032.0,6.79e-06,281.5,124.92690883,270 ng/ml,Low Risk
34.26,3137813.0,6.79e-06,404.5,168.83533163,300 ng/ml,Low Risk
61.58,3181925.0,6.79e-06,454.2,101.00142746,57 ng/ml,Low Risk
31.25,2393797.0,8.71e-06,232.9,116.24829885,180 ng/ml,Low Risk
52.14,3460053.0,6.79e-06,266.4,59.13037648,200 ng/ml,Low Risk
36.6,764000.0,6.79e-06,232.1,178.37551782,57 ng/ml,Low Risk
39.53,5000356.0,6.79e-06,336.0,113.44302855,200 ng/ml,Low Risk
61.58,764000.0,6.79e-06,284.6,43.39369226,28 ng/ml,Low Risk
34.17,4148923.0,8.71e-06,277.0,159.10551599,240 ng/ml,Low Risk
57.86,1184357.0,6.79e-06,328.7,13.48003991,300 ng/ml,Low Risk
51.32,6163132.0,6.79e-06,323.4,30.1666601,360 ng/ml,Low Risk
37.57,3078354.0,8.71e-06,210.3,170.52898101,106 ng/ml,Low Risk
53.38,5695915.0,6.79e-06,434.6,113.14618464,28 ng/ml,Low Risk
54.61,4575776.0,6.79e-06,430.7,27.61075946,106 ng/ml,Low Risk
59.82,3920126.0,8.71e-06,232.5,184.306769,106 ng/ml,Low Risk
61.58,4677875.0,6.79e-06,453.5,156.97445402,106 ng/ml,Low Risk
31.25,1970016.0,6.79e-06,416.9,15.9649516,330 ng/ml,Low Risk
53.22,764000.0,6.79e-06,285.0,164.90318494,240 ng/ml,Low Risk
49.43,11213271.0,6.79e-06,223.8,158.1097234,360 ng/ml,Low Risk
37.57,3426882.0,8.71e-06,144.3,170.11410943,300 ng/ml,Low Risk
48.93,1892535.0,8.71e-06,288.1,51.64212542,270 ng/ml,Low Risk
40.93,1583248.0,8.71e-06,254.8,179.16498207,360 ng/ml,Low Risk
43.72,764000.0,8.71e-06,162.3,120.52511211,28 ng/ml,Low Risk
31.25,764000.0,6.79e-06,107.3,114.25942941,0,Low Risk
50.7,851918.0,6.79e-06,157.2,110.8437304,360 ng/ml,Low Risk
32.97,764000.0,8.71e-06,315.6,164.63301011,120 ng/ml,Low Risk
32.26,3171987.0,6.79e-06,234.0,184.306769,120 ng/ml,Low Risk
33.65,1662296.0,6.79e-06,223.3,54.68760712,200 ng/ml,Low Risk
47.48,2207253.0,6.79e-06,493.8,129.23065869,106 ng/ml,Low Risk
32.84,905358.0,6.79e-06,107.5,115.10147899,200 ng/ml,Low Risk
57.32,4315796.0,6.79e-06,193.7,165.69305361,28 ng/ml,Low Risk
31.25,12502512.0,6.79e-06,427.8,86.62167267,28 ng/ml,Low Risk
61.58,2581000.0,6.79e-06,260.6,0.0,106 ng/ml,Low Risk
53.59,1772994.0,6.79e-06,284.0,145.89331623,240 ng/ml,Low Risk
41.89,2317471.0,8.71e-06,177.9,142.39944695,57 ng/ml,Low Risk
31.25,764000.0,8.71e-06,202.6,130.79022856,240 ng/ml,Low Risk
38.73,4522946.0,6.79e-06,294.7,97.4634164,57 ng/ml,Low Risk
54.21,3282449.0,6.79e-06,274.4,145.49671139,200 ng/ml,Low Risk
51.82,6768563.0,6.79e-06,205.2,182.4814101,200 ng/ml,Low Risk
43.3,764000.0,8.71e-06,144.8,147.77154931,90 ng/ml,Low Risk
49.89,3730405.0,6.79e-06,479.9,37.07407725,57 ng/ml,Low Risk
44.49,3169933.0,8.71e-06,105.1,89.44958623,180 ng/ml,Low Risk
38.85,3626593.0,6.79e-06,493.8,73.87804269,330 ng/ml,Low Risk
44.78,1775143.0,6.79e-06,143.6,0.0,240 ng/ml,Low Risk
39.07,2792261.0,6.79e-06,410.8,153.81407723,180 ng/ml,Low Risk
45.68,11628037.0,6.79e-06,420.7,158.74359059,330 ng/ml,Low Risk
31.25,2536772.0,8.71e-06,143.1,140.6932174,10 ng/ml,Low Risk
34.8,1547810.0,6.79e-06,391.3,130.8953681,106 ng/ml,Low Risk
61.06,3198122.0,8.71e-06,273.2,93.36048251,330 ng/ml,Low Risk
49.63,3405140.0,6.79e-06,358.6,50.9287923,150 ng/ml,Low Risk
49.43,1157759.0,6.79e-06,374.8,50.13205805,360 ng/ml,Low Risk
45.07,1247545.0,8.71e-06,130.6,78.15066256,300 ng/ml,Low Risk
34.47,1633863.0,6.79e-06,350.5,111.66434176,270 ng/ml,Low Risk
31.25,1784219.0,6.79e-06,115.0,184.306769,57 ng/ml,Low Risk
41.83,2200972.0,6.79e-06,317.7,150.44745921,300 ng/ml,Low Risk
37.54,3345624.0,8.71e-06,292.2,89.95199653,28 ng/ml,Low Risk
61.58,3233234.0,6.79e-06,461.9,117.87267335,120 ng/ml,Low Risk
43.53,4666916.0,6.79e-06,342.3,102.70440309,57 ng/ml,Low Risk
39.41,5327326.0,6.79e-06,356.2,146.84934008,360 ng/ml,Low Risk
47.0,1037379.0,8.71e-06,175.2,72.1913981,270 ng/ml,Low Risk
31.25,1883640.0,8.71e-06,221.4,91.45485359,200 ng/ml,Low Risk
61.58,3804708.0,6.79e-06,177.5,149.67619326,28 ng/ml,Low Risk
33.11,4203922.0,6.79e-06,224.5,129.94800788,57 ng/ml,Low Risk
42.36,2077576.0,6.79e-06,198.2,82.42793816,200 ng/ml,Low Risk
45.04,3484580.0,8.71e-06,415.8,107.57132827,28 ng/ml,Low Risk
37.9,2030096.0,6.79e-06,344.7,96.59691343,0,Low Risk
36.09,764000.0,8.71e-06,138.6,135.65031149,106 ng/ml,Low Risk
31.25,10378615.0,8.71e-06,146.3,184.306769,10 ng/ml,Low Risk
40.15,764000.0,8.71e-06,185.1,58.39094045,90 ng/ml,Low Risk
31.25,1543978.0,6.79e-06,181.5,32.1095236,360 ng/ml,Low Risk
41.0,2625676.0,6.79e-06,276.8,51.30171134,57 ng/ml,Low Risk
35.66,3362884.0,8.71e-06,139.7,33.07985102,28 ng/ml,Low Risk
39.73,2815098.0,8.71e-06,214.4,170.73300735,90 ng/ml,Low Risk
46.61,1330583.0,8.71e-06,359.9,172.61385974,200 ng/ml,Low Risk
31.25,1984875.0,8.71e-06,151.1,173.8818181,28 ng/ml,Low Risk
32.24,1364474.0,6.79e-06,256.4,82.38831252,360 ng/ml,Low Risk
44.01,1903060.0,6.79e-06,379.6,48.58387068,0,Low Risk
45.65,3462066.0,6.79e-06,183.3,75.19888579,240 ng/ml,Low Risk
43.89,11222605.0,6.79e-06,305.1,44.02529478,120 ng/ml,Low Risk
44.74,4269888.0,8.71e-06,292.0,88.74946885,200 ng/ml,Low Risk
48.41,8388740.0,8.71e-06,160.5,131.95855664,120 ng/ml,Low Risk
32.61,10812943.0,8.71e-06,129.6,130.34529711,57 ng/ml,Low Risk
31.25,764000.0,8.71e-06,214.8,118.3919441,57 ng/ml,Low Risk
58.49,11420001.0,6.79e-06,311.7,82.09109686,360 ng/ml,Low Risk
34.43,764000.0,8.71e-06,104.2,119.19925514,90 ng/ml,Low Risk
44.55,2380539.0,6.79e-06,354.4,0.0,120 ng/ml,Low Risk
47.7,5035625.0,8.71e-06,166.5,151.06146692,300 ng/ml,Low Risk
38.32,1656082.0,6.79e-06,172.3,126.03685613,240 ng/ml,Low Risk
35.3,3185267.0,6.79e-06,224.5,110.23106968,240 ng/ml,Low Risk
39.41,764000.0,8.71e-06,176.5,184.306769,120 ng/ml,Low Risk
61.58,2209905.0,6.79e-06,239.9,0.0,270 ng/ml,Low Risk
50.86,5115012.0,6.79e-06,218.2,184.306769,200 ng/ml,Low Risk
47.36,3074641.0,6.79e-06,140.4,59.53963303,106 ng/ml,Low Risk
61.01,1861172.0,6.79e-06,329.5,167.73734233,120 ng/ml,Low Risk
31.25,765247.0,6.79e-06,184.7,180.36298428,360 ng/ml,Low Risk
53.46,2213290.0,6.79e-06,399.0,154.13123792,180 ng/ml,Low Risk
48.74,3151758.0,6.79e-06,375.1,39.89448481,28 ng/ml,Low Risk
31.25,2397749.0,6.79e-06,153.1,143.43604107,120 ng/ml,Low Risk
50.85,8559009.0,6.79e-06,207.1,127.06599362,10 ng/ml,Low Risk
46.26,4246551.0,6.79e-06,289.7,0.0,106 ng/ml,Low Risk
37.5,2777411.0,6.79e-06,309.8,33.81384933,360 ng/ml,Low Risk
40.05,5108985.0,6.79e-06,241.3,169.24966816,270 ng/ml,Low Risk
45.41,1921060.0,6.79e-06,278.5,82.68020322,240 ng/ml,Low Risk
39.63,3288114.0,6.79e-06,174.6,99.32635202,120 ng/ml,Low Risk
42.93,12151415.0,8.71e-06,185.5,108.28705517,270 ng/ml,Low Risk
48.54,764000.0,8.71e-06,154.2,126.38570364,330 ng/ml,Low Risk
39.21,4704640.0,6.79e-06,187.7,140.85558361,200 ng/ml,Low Risk
32.84,2090920.0,8.71e-06,170.5,141.32338894,270 ng/ml,Low Risk
46.04,2142210.0,6.79e-06,282.1,95.30100279,240 ng/ml,Low Risk
48.05,3263281.0,6.79e-06,456.7,171.80527015,330 ng/ml,Low Risk
46.2,2595071.0,6.79e-06,379.2,61.41037992,120 ng/ml,Low Risk
50.02,3936416.0,6.79e-06,149.7,92.03684512,120 ng/ml,Low Risk
31.25,2260787.0,8.71e-06,215.1,176.1320432,106 ng/ml,Low Risk
41.8,2369923.0,6.79e-06,180.4,135.30487033,90 ng/ml,Low Risk
48.74,1001719.0,8.71e-06,138.7,98.28708103,270 ng/ml,Low Risk
39.97,2229190.0,6.79e-06,366.6,48.44668657,28 ng/ml,Low Risk
58.67,3354951.0,6.79e-06,266.6,174.04264756,120 ng/ml,Low Risk
35.12,9259352.0,6.79e-06,390.6,142.88772769,28 ng/ml,Low Risk
31.25,1875264.0,8.71e-06,170.6,115.64310099,28 ng/ml,Low Risk
38.31,2949546.0,6.79e-06,248.9,164.00267059,120 ng/ml,Low Risk
61.54,764000.0,8.71e-06,188.9,94.20235788,57 ng/ml,Low Risk
31.25,764000.0,8.71e-06,274.7,150.41273622,360 ng/ml,Low Risk
35.84,1331406.0,6.79e-06,131.8,183.48249732,90 ng/ml,Low Risk
50.5,1903667.0,6.79e-06,248.2,73.28772467,28 ng/ml,Low Risk
38.38,10955427.0,8.71e-06,247.7,184.306769,150 ng/ml,Low Risk
38.25,3156206.0,6.79e-06,397.5,117.31235531,240 ng/ml,Low Risk
50.69,11817139.0,8.71e-06,288.8,83.21810391,240 ng/ml,Low Risk
35.21,764000.0,8.71e-06,205.5,109.34575947,330 ng/ml,Low Risk
39.78,2457762.0,8.71e-06,399.8,117.53359071,300 ng/ml,Low Risk
61.58,1617581.0,6.79e-06,491.7,70.71752048,360 ng/ml,Low Risk
61.58,1661308.0,6.79e-06,210.5,99.37096586,28 ng/ml,Low Risk
31.25,764000.0,8.71e-06,458.7,162.51472738,360 ng/ml,Low Risk
41.12,3542485.0,6.79e-06,346.5,1.00412179,270 ng/ml,Low Risk
61.58,2227447.0,8.71e-06,321.2,143.12643968,300 ng/ml,Low Risk
31.25,1082407.0,8.71e-06,151.4,146.30825625,120 ng/ml,Low Risk
50.84,4735662.0,6.79e-06,449.8,101.24249279,106 ng/ml,Low Risk
42.78,4935543.0,6.79e-06,207.5,138.93078776,240 ng/ml,Low Risk
47.19,764000.0,8.71e-06,191.5,164.53793096,300 ng/ml,Low Risk
44.27,4193236.0,6.79e-06,478.2,88.85388513,150 ng/ml,Low Risk
46.61,2783587.0,6.79e-06,391.3,112.06546196,360 ng/ml,Low Risk
34.5,1431996.0,6.79e-06,109.9,81.97033594,90 ng/ml,Low Risk
35.64,4536559.0,6.79e-06,171.9,184.306769,240 ng/ml,Low Risk
38.24,764000.0,8.71e-06,299.0,167.66233421,28 ng/ml,Low Risk
31.25,764000.0,8.71e-06,188.1,124.12053726,28 ng/ml,Low Risk
31.25,1113318.0,8.71e-06,180.6,179.11242786,90 ng/ml,Low Risk
43.33,1531710.0,6.79e-06,265.4,76.99585566,106 ng/ml,Low Risk
56.78,4838477.0,8.71e-06,242.1,117.21215264,90 ng/ml,Low Risk
38.93,3906873.0,6.79e-06,288.1,121.54770443,240 ng/ml,Low Risk
44.71,3838473.0,8.71e-06,169.2,147.59538349,57 ng/ml,Low Risk
53.54,3480542.0,8.71e-06,181.2,184.306769,106 ng/ml,Low Risk
32.01,3550746.0,8.71e-06,437.3,181.9288349,330 ng/ml,Low Risk
58.12,14879960.0,6.79e-06,326.8,17.26520028,150 ng/ml,Low Risk
39.91,3514482.0,8.71e-06,142.9,16.38798598,57 ng/ml,Low Risk
43.72,764000.0,6.79e-06,368.6,97.52257956,360 ng/ml,Low Risk
61.58,4129218.0,6.79e-06,481.9,146.19407666,330 ng/ml,Low Risk
33.33,2979155.0,8.71e-06,329.4,42.2715381,330 ng/ml,Low Risk
31.25,850995.0,8.71e-06,113.4,114.97748787,57 ng/ml,Low Risk
38.86,2295410.0,6.79e-06,304.2,184.306769,150 ng/ml,Low Risk
56.08,1915728.0,8.71e-06,104.2,101.52336263,28 ng/ml,Low Risk
31.25,764000.0,6.79e-06,107.7,152.86229032,270 ng/ml,Low Risk
42.48,5633717.0,6.79e-06,194.5,21.83774066,106 ng/ml,Low Risk
32.76,2038416.0,6.79e-06,350.0,107.06398286,10 ng/ml,Low Risk
39.18,1812442.0,6.79e-06,354.8,184.306769,28 ng/ml,Low Risk
38.34,2047865.0,8.71e-06,333.0,74.23245313,150 ng/ml,Low Risk
45.49,5039431.0,6.79e-06,258.7,148.04446789,270 ng/ml,Low Risk
34.02,3542161.0,6.79e-06,230.0,184.306769,57 ng/ml,Low Risk
42.28,998109.0,6.79e-06,104.2,7.36109776,106 ng/ml,Low Risk
38.78,764000.0,6.79e-06,193.6,184.306769,106 ng/ml,Low Risk
61.58,4404120.0,6.79e-06,493.8,175.70125665,120 ng/ml,Low Risk
33.68,764000.0,8.71e-06,174.2,155.5575993,200 ng/ml,Low Risk
40.81,7963721.0,6.79e-06,323.3,161.61497207,360 ng/ml,Low Risk
61.58,5599741.0,6.79e-06,366.1,93.81958764,57 ng/ml,Low Risk
38.76,2635867.0,6.79e-06,313.7,40.76091079,106 ng/ml,Low Risk
47.86,3685972.0,6.79e-06,209.8,170.96293438,57 ng/ml,Low Risk
59.78,2474671.0,6.79e-06,219.6,166.38465142,28 ng/ml,Low Risk
42.09,3161915.0,6.79e-06,309.3,184.306769,90 ng/ml,Low Risk
50.37,5744209.0,6.79e-06,104.2,122.28793371,270 ng/ml,Low Risk
37.31,3254094.0,6.79e-06,198.3,72.31518702,0,Low Risk
57.56,7039208.0,8.71e-06,142.9,153.55820595,57 ng/ml,Low Risk
53.52,1989765.0,6.79e-06,321.5,48.70189213,240 ng/ml,Low Risk
31.25,2198480.0,6.79e-06,156.9,92.56099636,57 ng/ml,Low Risk
52.69,2145624.0,8.71e-06,317.1,142.21537964,57 ng/ml,Low Risk
43.13,4518434.0,6.79e-06,256.3,168.7119129,120 ng/ml,Low Risk
56.74,2712184.0,6.79e-06,453.9,184.306769,300 ng/ml,Low Risk
31.25,2846377.0,8.71e-06,104.2,152.2483946,330 ng/ml,Low Risk
31.25,1213427.0,8.71e-06,131.5,131.76988532,28 ng/ml,Low Risk
42.68,3323911.0,6.79e-06,183.2,18.67638708,28 ng/ml,Low Risk
34.19,764000.0,6.79e-06,332.9,92.14892062,106 ng/ml,Low Risk
35.55,3499269.0,6.79e-06,362.2,103.32565901,360 ng/ml,Low Risk
56.5,4102843.0,6.79e-06,484.9,129.91991095,270 ng/ml,Low Risk
59.73,2347554.0,6.79e-06,217.3,77.94371439,106 ng/ml,Low Risk
31.25,5664955.0,6.79e-06,353.0,119.58442149,240 ng/ml,Low Risk
36.0,3274390.0,6.79e-06,246.5,184.306769,330 ng/ml,Low Risk
40.84,12066313.0,8.71e-06,104.2,184.306769,330 ng/ml,Low Risk
61.58,3991703.0,6.79e-06,282.1,37.96780069,120 ng/ml,Low Risk
61.58,3249021.0,6.79e-06,427.5,11.67173187,200 ng/ml,Low Risk
36.17,1449035.0,6.79e-06,390.6,131.17353153,300 ng/ml,Low Risk
36.46,5793900.0,6.79e-06,162.9,0.0,240 ng/ml,Low Risk
43.75,11315473.0,6.79e-06,232.1,30.66621447,90 ng/ml,Low Risk
42.53,764000.0,6.79e-06,450.0,60.67592121,28 ng/ml,Low Risk
38.39,2613844.0,8.71e-06,444.8,88.99949373,330 ng/ml,Low Risk
31.25,1974866.0,6.79e-06,272.1,85.75483099,180 ng/ml,Low Risk
39.79,3854762.0,8.71e-06,312.6,115.39950812,120 ng/ml,Low Risk
37.12,2497380.0,6.79e-06,192.3,90.95526307,150 ng/ml,Low Risk
37.0,3441403.0,6.79e-06,156.0,70.48288366,0,Low Risk
33.85,8006246.0,6.79e-06,192.5,56.10469826,300 ng/ml,Low Risk
35.59,10747385.0,6.79e-06,421.1,184.306769,240 ng/ml,Low Risk
35.2,764000.0,8.71e-06,306.2,184.306769,106 ng/ml,Low Risk
36.89,1977265.0,6.79e-06,360.0,172.20759268,240 ng/ml,Low Risk
55.36,2332177.0,6.79e-06,308.7,153.04024174,180 ng/ml,Low Risk
51.26,1215411.0,8.71e-06,399.3,48.25772594,28 ng/ml,Low Risk
35.17,28244536.0,8.71e-06,348.0,153.5869375,330 ng/ml,Low Risk
37.67,9968054.0,6.79e-06,212.3,98.80326818,270 ng/ml,Low Risk
43.54,764000.0,6.79e-06,338.2,97.06828143,240 ng/ml,Low Risk
42.89,2961500.0,6.79e-06,493.8,109.32687056,360 ng/ml,Low Risk
33.37,1673815.0,6.79e-06,229.4,53.71999546,270 ng/ml,Low Risk
36.34,3559680.0,6.79e-06,198.5,65.37441097,120 ng/ml,Low Risk
56.42,8643946.0,6.79e-06,268.5,74.53303003,270 ng/ml,Low Risk
55.44,764000.0,8.71e-06,318.2,164.31003219,28 ng/ml,Low Risk
34.91,2759119.0,6.79e-06,253.0,80.47687298,330 ng/ml,Low Risk
43.29,4184458.0,6.79e-06,256.7,94.93587713,120 ng/ml,Low Risk
31.25,4257808.0,6.79e-06,353.1,184.306769,360 ng/ml,Low Risk
60.25,764000.0,6.79e-06,415.6,71.35668229,28 ng/ml,Low Risk
46.23,3230473.0,6.79e-06,252.1,111.79673676,28 ng/ml,Low Risk
42.64,764000.0,8.71e-06,147.0,84.68656268,330 ng/ml,Low Risk
31.25,2518551.0,6.79e-06,104.2,105.25965978,10 ng/ml,Low Risk
37.74,4612048.0,6.79e-06,228.4,125.46743583,240 ng/ml,Low Risk
52.57,2493773.0,6.79e-06,314.2,41.68721074,270 ng/ml,Low Risk
47.73,1783548.0,6.79e-06,137.1,0.0,106 ng/ml,Low Risk
41.18,1079938.0,6.79e-06,338.5,77.62083213,200 ng/ml,Low Risk
31.25,1393483.0,6.79e-06,142.6,166.62871402,106 ng/ml,Low Risk
44.06,2882078.0,6.79e-06,133.4,122.98752012,120 ng/ml,Low Risk
60.1,1061722.0,6.79e-06,105.7,70.39048293,270 ng/ml,Low Risk
58.04,1832855.0,6.79e-06,284.9,80.36921289,10 ng/ml,Low Risk
32.94,1692408.0,8.71e-06,233.1,158.85008645,0,Low Risk
41.3,4770376.0,6.79e-06,312.4,15.69582822,150 ng/ml,Low Risk
40.25,5131155.0,6.79e-06,220.7,143.39489113,270 ng/ml,Low Risk
45.02,1990428.0,6.79e-06,147.5,162.25397211,106 ng/ml,Low Risk
31.25,1022780.0,8.71e-06,275.3,141.42685486,180 ng/ml,Low Risk
31.25,2834939.0,8.71e-06,280.0,155.43649502,300 ng/ml,Low Risk
41.53,3512160.0,8.71e-06,398.9,184.306769,120 ng/ml,Low Risk
40.18,4356206.0,6.79e-06,260.8,180.89683856,28 ng/ml,Low Risk
41.35,4370874.0,8.71e-06,205.1,101.23504393,330 ng/ml,Low Risk
39.34,764000.0,6.79e-06,211.5,25.14796571,360 ng/ml,Low Risk
41.77,3334145.0,6.79e-06,282.5,172.05394299,90 ng/ml,Low Risk
43.4,764000.0,6.79e-06,405.7,125.20100953,330 ng/ml,Low Risk
42.97,2237410.0,8.71e-06,219.0,184.306769,28 ng/ml,Low Risk
54.43,2819089.0,6.79e-06,241.7,100.12468756,330 ng/ml,Low Risk
35.79,3766658.0,6.79e-06,380.5,14.50479425,57 ng/ml,Low Risk
37.37,5163570.0,8.71e-06,110.8,184.306769,300 ng/ml,Low Risk
31.25,3301025.0,6.79e-06,104.2,8.9195073,200 ng/ml,Low Risk
50.47,8257180.0,8.71e-06,218.5,92.2117806,270 ng/ml,Low Risk
40.14,5891040.0,6.79e-06,426.9,108.08650674,330 ng/ml,Low Risk
40.77,2371207.0,6.79e-06,292.6,151.68608252,270 ng/ml,Low Risk
43.26,2725475.0,6.79e-06,273.6,100.10388705,106 ng/ml,Low Risk
37.46,3903658.0,8.71e-06,266.2,162.12118981,28 ng/ml,Low Risk
31.25,1318431.0,6.79e-06,273.4,159.54011019,270 ng/ml,Low Risk
39.79,1720741.0,8.71e-06,165.5,155.68505588,300 ng/ml,Low Risk
42.48,952859.0,8.71e-06,185.7,154.94737435,240 ng/ml,Low Risk
55.66,5540420.0,6.79e-06,435.7,49.25057881,28 ng/ml,Low Risk
46.58,4893457.0,6.79e-06,359.3,100.27767309,270 ng/ml,Low Risk
61.58,6523443.0,6.79e-06,299.7,0.0,240 ng/ml,Low Risk
38.88,4401366.0,8.71e-06,302.9,181.11149146,120 ng/ml,Low Risk
35.06,764000.0,6.79e-06,278.8,72.62813876,270 ng/ml,Low Risk
41.59,32600000.0,8.71e-06,152.2,135.84423077,200 ng/ml,Low Risk
49.79,3057495.0,6.79e-06,280.7,176.5848668,28 ng/ml,Low Risk
39.11,764000.0,8.71e-06,131.5,124.74290064,270 ng/ml,Low Risk
37.84,1285776.0,6.79e-06,416.3,154.79351935,330 ng/ml,Low Risk
40.17,5069438.0,6.79e-06,444.6,135.41027118,106 ng/ml,Low Risk
43.52,2766090.0,6.79e-06,353.4,27.00591002,120 ng/ml,Low Risk
59.75,3057886.0,6.79e-06,232.6,56.76942169,270 ng/ml,Low Risk
37.48,3022772.0,6.79e-06,281.1,171.24303274,57 ng/ml,Low Risk
39.68,764000.0,8.71e-06,360.9,157.09315674,270 ng/ml,Low Risk
33.12,7246723.0,6.79e-06,353.2,68.02627578,240 ng/ml,Low Risk
31.45,2746163.0,6.79e-06,157.3,131.0406248,240 ng/ml,Low Risk
58.52,3948690.0,6.79e-06,393.2,113.34620424,120 ng/ml,Low Risk
49.01,12669206.0,6.79e-06,347.9,54.35722856,28 ng/ml,Low Risk
39.55,2900892.0,6.79e-06,304.6,70.63541657,10 ng/ml,Low Risk
56.19,1330696.0,8.71e-06,400.1,156.77729016,106 ng/ml,Low Risk
32.85,764000.0,6.79e-06,195.6,0.29954563,106 ng/ml,Low Risk
56.67,806606.0,6.79e-06,199.1,16.45160228,360 ng/ml,Low Risk
61.58,764000.0,8.71e-06,359.8,0.0,28 ng/ml,Low Risk
44.0,3422231.0,8.71e-06,295.1,181.04520608,150 ng/ml,Low Risk
56.24,3944267.0,6.79e-06,264.2,72.68972369,270 ng/ml,Low Risk
34.28,3526362.0,6.79e-06,197.7,81.54499839,330 ng/ml,Low Risk
61.58,12194828.0,6.79e-06,407.6,115.88790397,57 ng/ml,Low Risk
37.72,7302977.0,6.79e-06,235.1,89.6554184,270 ng/ml,Low Risk
61.58,4865832.0,6.79e-06,274.5,34.3069394,200 ng/ml,Low Risk
46.95,2502489.0,6.79e-06,206.1,184.306769,106 ng/ml,Low Risk
31.25,764000.0,6.79e-06,125.1,54.90478912,200 ng/ml,Low Risk
55.92,1396819.0,8.71e-06,218.0,180.61769212,330 ng/ml,Low Risk
36.21,2583781.0,6.79e-06,445.4,93.52394218,270 ng/ml,Low Risk
57.95,2562655.0,8.71e-06,432.5,39.77562033,0,Low Risk
36.63,1537079.0,6.79e-06,355.5,39.25608516,90 ng/ml,Low Risk
58.66,764000.0,6.79e-06,176.8,73.33444143,90 ng/ml,Low Risk
38.25,2107670.0,6.79e-06,395.7,125.55054142,106 ng/ml,Low Risk
34.35,2363118.0,8.71e-06,298.9,129.55072799,106 ng/ml,Low Risk
42.61,1445772.0,6.79e-06,224.2,68.17356073,0,Low Risk
35.28,1709058.0,6.79e-06,238.8,112.2321351,106 ng/ml,Low Risk
31.25,2128858.0,6.79e-06,233.9,138.1461515,120 ng/ml,Low Risk
35.12,2946296.0,6.79e-06,279.3,77.72832112,0,Low Risk
58.66,1403831.0,6.79e-06,307.6,90.09848919,106 ng/ml,Low Risk
59.18,4387279.0,8.71e-06,460.3,169.4551939,200 ng/ml,Low Risk
33.4,3985863.0,6.79e-06,436.0,168.15464036,360 ng/ml,Low Risk
34.04,5356337.0,6.79e-06,310.3,184.306769,57 ng/ml,Low Risk
31.25,5010401.0,6.79e-06,265.3,184.306769,270 ng/ml,Low Risk
35.8,2184070.0,8.71e-06,215.9,135.56984077,300 ng/ml,Low Risk
61.58,9746197.0,8.71e-06,375.9,135.41248298,106 ng/ml,Low Risk
31.25,6080193.0,8.71e-06,186.2,184.306769,28 ng/ml,Low Risk
61.58,4557296.0,6.79e-06,426.6,157.42081956,120 ng/ml,Low Risk
47.07,3917209.0,6.79e-06,237.2,55.16597991,240 ng/ml,Low Risk
35.32,5322352.0,8.71e-06,304.1,184.306769,90 ng/ml,Low Risk
38.4,4391875.0,6.79e-06,380.0,162.62178941,106 ng/ml,Low Risk
49.41,1534825.0,6.79e-06,185.0,173.5712648,270 ng/ml,Low Risk
38.4,2575756.0,6.79e-06,384.4,120.62799319,10 ng/ml,Low Risk
48.43,2449757.0,6.79e-06,395.8,0.0,360 ng/ml,Low Risk
32.34,12527478.0,6.79e-06,104.2,125.57950628,10 ng/ml,Low Risk
58.64,3257323.0,8.71e-06,172.1,158.98950102,270 ng/ml,Low Risk
35.93,2486037.0,8.71e-06,392.2,74.08731854,90 ng/ml,Low Risk
31.25,8376663.0,6.79e-06,159.0,136.12112809,106 ng/ml,Low Risk
47.29,2123582.0,6.79e-06,194.9,44.78474271,150 ng/ml,Low Risk
61.06,1494654.0,6.79e-06,285.7,121.19219043,360 ng/ml,Low Risk
55.45,2745603.0,6.79e-06,298.2,0.0,330 ng/ml,Low Risk
57.65,2399971.0,6.79e-06,326.1,83.23080967,150 ng/ml,Low Risk
31.25,1677734.0,8.71e-06,104.2,102.02963482,57 ng/ml,Low Risk
33.8,22362244.0,6.79e-06,131.5,33.58588211,28 ng/ml,Low Risk
61.45,4671082.0,6.79e-06,319.2,94.75841721,360 ng/ml,Low Risk
37.91,764000.0,6.79e-06,395.8,121.22539533,330 ng/ml,Low Risk
51.92,1685707.0,6.79e-06,236.1,148.10379125,106 ng/ml,Low Risk
35.42,3882765.0,8.71e-06,272.3,184.306769,300 ng/ml,Low Risk
31.25,1445821.0,8.71e-06,210.3,172.91241149,270 ng/ml,Low Risk
51.14,4677173.0,6.79e-06,493.8,36.57290215,28 ng/ml,Low Risk
39.77,2076707.0,8.71e-06,198.9,47.61358682,28 ng/ml,Low Risk
46.14,2971302.0,6.79e-06,459.3,59.05808721,180 ng/ml,Low Risk
43.83,4540843.0,6.79e-06,277.3,169.73730807,300 ng/ml,Low Risk
37.41,4715892.0,6.79e-06,297.1,154.59176392,330 ng/ml,Low Risk
49.18,2997980.0,6.79e-06,221.3,29.71287214,200 ng/ml,Low Risk
31.25,3457524.0,8.71e-06,222.0,156.98402912,57 ng/ml,Low Risk
51.04,4612493.0,6.79e-06,172.4,164.95455083,57 ng/ml,Low Risk
31.71,764000.0,8.71e-06,104.2,143.40949332,57 ng/ml,Low Risk
35.32,3410200.0,8.71e-06,241.9,159.55436397,57 ng/ml,Low Risk
44.45,2008623.0,6.79e-06,123.7,90.40651339,270 ng/ml,Low Risk
44.87,2478047.0,6.79e-06,138.0,92.71979834,120 ng/ml,Low Risk
56.4,3203734.0,6.79e-06,193.8,95.52236806,57 ng/ml,Low Risk
54.07,764000.0,8.71e-06,222.2,169.44724264,240 ng/ml,Low Risk
44.67,2989447.0,6.79e-06,383.2,0.0,180 ng/ml,Low Risk
34.57,12984195.0,6.79e-06,159.9,179.28486691,270 ng/ml,Low Risk
52.02,2928819.0,6.79e-06,255.0,115.59195287,150 ng/ml,Low Risk
35.76,856036.0,6.79e-06,126.2,93.99368476,200 ng/ml,Low Risk
42.71,6388483.0,6.79e-06,226.8,117.60480985,57 ng/ml,Low Risk
44.16,13847927.0,6.79e-06,314.4,51.55649384,200 ng/ml,Low Risk
35.58,1937671.0,8.71e-06,320.0,118.83721463,150 ng/ml,Low Risk
61.28,3264654.0,8.71e-06,283.6,156.40319522,120 ng/ml,Low Risk
52.62,4214372.0,6.79e-06,349.5,40.25399933,106 ng/ml,Low Risk
46.75,764000.0,8.71e-06,118.4,144.41087295,240 ng/ml,Low Risk
48.21,5486328.0,6.79e-06,268.2,6.47441412,120 ng/ml,Low Risk
46.13,5871024.0,6.79e-06,249.7,84.94279929,270 ng/ml,Low Risk
33.97,4368746.0,6.79e-06,253.7,132.67327719,270 ng/ml,Low Risk
31.25,764000.0,8.71e-06,119.2,167.80667632,120 ng/ml,Low Risk
55.09,3431192.0,8.71e-06,410.0,111.12932714,360 ng/ml,Low Risk
31.53,12935775.0,6.79e-06,338.1,149.0022027,180 ng/ml,Low Risk
38.44,4510140.0,6.79e-06,476.3,90.46801394,57 ng/ml,Low Risk
43.84,4635462.0,6.79e-06,412.9,95.35086148,106 ng/ml,Low Risk
34.2,2195793.0,8.71e-06,193.9,11.25682296,330 ng/ml,Low Risk
52.54,2941301.0,6.79e-06,177.0,27.11733342,200 ng/ml,Low Risk
41.22,1334048.0,6.79e-06,299.3,115.29702522,360 ng/ml,Low Risk
52.29,2199810.0,8.71e-06,209.2,83.4900455,90 ng/ml,Low Risk
31.25,4349156.0,6.79e-06,343.4,139.54253079,360 ng/ml,Low Risk
61.58,4190231.0,6.79e-06,434.4,88.32968693,10 ng/ml,Low Risk
52.87,4417487.0,6.79e-06,288.5,60.12815067,57 ng/ml,Low Risk
39.32,764000.0,8.71e-06,234.0,131.22699722,106 ng/ml,Low Risk
34.88,764000.0,6.79e-06,214.7,22.46640656,90 ng/ml,Low Risk
31.25,1539306.0,8.71e-06,111.1,101.05710961,200 ng/ml,Low Risk
48.83,4255946.0,6.79e-06,234.1,86.11595765,150 ng/ml,Low Risk
54.14,3554368.0,8.71e-06,182.5,127.10113346,200 ng/ml,Low Risk
38.46,5490313.0,6.79e-06,286.9,113.87785606,360 ng/ml,Low Risk
38.57,4462971.0,8.71e-06,185.5,184.306769,120 ng/ml,Low Risk
54.04,4863717.0,6.79e-06,355.5,117.65779959,300 ng/ml,Low Risk
59.23,963590.0,6.79e-06,387.0,41.01089017,240 ng/ml,Low Risk
38.71,3006810.0,6.79e-06,174.5,65.89864348,330 ng/ml,Low Risk
31.25,764000.0,8.71e-06,132.4,184.306769,106 ng/ml,Low Risk
42.53,764000.0,6.79e-06,339.6,106.78783991,150 ng/ml,Low Risk
44.74,13197031.0,6.79e-06,298.0,172.21825658,300 ng/ml,Low Risk
39.65,2953470.0,6.79e-06,242.7,0.0,200 ng/ml,Low Risk
31.25,764000.0,6.79e-06,121.2,6.78130909,90 ng/ml,Low Risk
45.03,2177716.0,6.79e-06,236.8,0.0,10 ng/ml,Low Risk
53.5,764000.0,6.79e-06,334.1,54.1525334,0,Low Risk
56.74,13676118.0,6.79e-06,433.2,101.85087613,270 ng/ml,Low Risk
43.99,4294313.0,6.79e-06,273.3,183.50513787,270 ng/ml,Low Risk
44.84,4988433.0,6.79e-06,261.0,50.08501621,240 ng/ml,Low Risk
31.25,764000.0,6.79e-06,339.9,154.18611281,180 ng/ml,Low Risk
31.92,1086106.0,6.79e-06,342.9,76.4063729,90 ng/ml,Low Risk
56.17,9110605.0,6.79e-06,249.8,147.98667505,360 ng/ml,Low Risk
41.45,764000.0,8.71e-06,144.5,18.36374953,90 ng/ml,Low Risk
42.46,3133341.0,6.79e-06,204.9,0.0,300 ng/ml,Low Risk
46.01,2794537.0,8.71e-06,257.7,114.10242314,330 ng/ml,Low Risk
35.99,14357881.0,6.79e-06,308.3,76.3293474,57 ng/ml,Low Risk
31.25,3751997.0,6.79e-06,135.2,184.306769,120 ng/ml,Low Risk
36.22,3858718.0,6.79e-06,406.6,95.18556254,28 ng/ml,Low Risk
45.77,3138022.0,6.79e-06,271.9,84.22811393,120 ng/ml,Low Risk
31.25,4290848.0,8.71e-06,192.3,151.79909866,120 ng/ml,Low Risk
43.27,1833739.0,8.71e-06,465.2,173.96083918,330 ng/ml,Low Risk
44.87,2676165.0,8.71e-06,122.2,70.68283482,57 ng/ml,Low Risk
39.19,4184061.0,6.79e-06,244.1,75.23334047,120 ng/ml,Low Risk
61.35,3547232.0,6.79e-06,416.0,180.26216256,90 ng/ml,Low Risk
52.22,4950874.0,6.79e-06,256.7,19.88365954,57 ng/ml,Low Risk
31.25,1809728.0,6.79e-06,261.9,169.95051133,10 ng/ml,Low Risk
43.8,5054497.0,6.79e-06,470.2,137.7457639,240 ng/ml,Low Risk
45.21,4522349.0,6.79e-06,335.9,108.00780451,57 ng/ml,Low Risk
43.02,2155240.0,6.79e-06,147.1,94.34788522,200 ng/ml,Low Risk
40.46,764000.0,8.71e-06,272.7,174.65946123,0,Low Risk
31.25,3908921.0,8.71e-06,137.1,143.95332712,120 ng/ml,Low Risk
43.03,3012662.0,6.79e-06,282.6,171.17654826,150 ng/ml,Low Risk
39.27,1005197.0,8.71e-06,144.0,119.25269283,10 ng/ml,Low Risk
43.77,4475325.0,6.79e-06,213.6,73.99499402,200 ng/ml,Low Risk
61.58,2987779.0,6.79e-06,490.1,157.38949981,28 ng/ml,Low Risk
61.58,764000.0,6.79e-06,429.9,97.541673,57 ng/ml,Low Risk
60.34,2119635.0,6.79e-06,421.0,184.306769,240 ng/ml,Low Risk
61.58,13070855.0,6.79e-06,266.8,99.79829396,106 ng/ml,Low Risk
35.13,764000.0,6.79e-06,130.6,89.05586454,360 ng/ml,Low Risk
40.04,3323379.0,8.71e-06,250.3,175.60470298,120 ng/ml,Low Risk
31.25,764000.0,8.71e-06,149.3,108.3296501,106 ng/ml,Low Risk
40.12,764000.0,8.71e-06,159.4,72.51650072,0,Low Risk
32.96,5264240.0,8.71e-06,186.6,156.12188364,120 ng/ml,Low Risk
47.44,2226936.0,6.79e-06,115.5,47.61231138,28 ng/ml,Low Risk
52.33,10206319.0,6.79e-06,363.4,100.17563037,90 ng/ml,Low Risk
45.31,2901953.0,6.79e-06,153.9,96.12324655,240 ng/ml,Low Risk
35.4,1678862.0,8.71e-06,115.6,7.49638117,200 ng/ml,Low Risk
35.95,3471285.0,6.79e-06,257.7,184.306769,28 ng/ml,Low Risk
35.58,4016224.0,6.79e-06,300.6,184.306769,240 ng/ml,Low Risk
40.99,3266329.0,6.79e-06,261.9,89.53347362,106 ng/ml,Low Risk
61.58,5731650.0,6.79e-06,307.8,32.31774332,270 ng/ml,Low Risk
57.12,2904244.0,6.79e-06,317.1,70.39163083,300 ng/ml,Low Risk
37.1,3583235.0,6.79e-06,463.3,184.306769,120 ng/ml,Low Risk
42.64,1454121.0,8.71e-06,167.9,70.28600444,330 ng/ml,Low Risk
56.73,1300848.0,6.79e-06,453.2,172.3382534,180 ng/ml,Low Risk
42.98,13123536.0,6.79e-06,337.3,120.05111003,120 ng/ml,High Risk
61.58,13210387.0,6.79e-06,331.6,111.33608322,120 ng/ml,High Risk
36.8,1934885.0,6.79e-06,348.8,69.84183514,150 ng/ml,High Risk
59.11,5278940.0,6.79e-06,344.3,41.38610501,120 ng/ml,High Risk
32.49,764000.0,8.71e-06,104.2,180.1252802,240 ng/ml,High Risk
44.55,9412061.0,6.79e-06,489.7,44.14606931,360 ng/ml,High Risk
38.59,3827288.0,6.79e-06,285.1,114.07820229,28 ng/ml,High Risk
61.58,4498465.0,6.79e-06,466.8,54.4555834,150 ng/ml,High Risk
31.25,3362928.0,6.79e-06,288.8,126.74657448,0,High Risk
40.7,5248788.0,6.79e-06,450.5,108.00175086,120 ng/ml,High Risk
60.41,2607376.0,6.79e-06,347.9,18.51855645,120 ng/ml,High Risk
52.16,3884471.0,6.79e-06,381.3,21.05125658,0,High Risk
61.58,14247384.0,6.79e-06,473.4,0.0,106 ng/ml,High Risk
32.07,764000.0,6.79e-06,176.8,30.6830689,106 ng/ml,High Risk
55.87,3395117.0,6.79e-06,235.0,106.579278,10 ng/ml,High Risk
61.58,9396111.0,6.79e-06,481.2,92.6657871,200 ng/ml,High Risk
61.58,10109623.0,6.79e-06,311.2,90.46874149,120 ng/ml,High Risk
35.27,764000.0,6.79e-06,332.3,19.78993671,360 ng/ml,High Risk
60.2,1436475.0,6.79e-06,415.4,131.39199518,57 ng/ml,High Risk
36.32,5737582.0,6.79e-06,297.4,57.2712034,360 ng/ml,High Risk
61.58,5300735.0,6.79e-06,493.8,29.44765595,120 ng/ml,High Risk
38.45,9443095.0,6.79e-06,386.0,124.57529269,240 ng/ml,High Risk
46.86,4072373.0,6.79e-06,334.2,122.71790834,240 ng/ml,High Risk
48.3,2861296.0,6.79e-06,277.9,6.77318985,360 ng/ml,High Risk
44.72,4506501.0,6.79e-06,324.4,80.6047079,300 ng/ml,High Risk
52.26,4476253.0,6.79e-06,261.8,140.81725207,360 ng/ml,High Risk
42.35,2697598.0,6.79e-06,284.7,118.76928674,0,High Risk
61.01,764000.0,8.71e-06,376.3,128.99440425,240 ng/ml,High Risk
61.58,9197665.0,6.79e-06,396.4,112.21245293,270 ng/ml,High Risk
59.29,3093727.0,6.79e-06,486.2,20.66863799,120 ng/ml,High Risk
40.71,2185825.0,6.79e-06,386.8,48.60123839,106 ng/ml,High Risk
33.96,1287811.0,6.79e-06,237.2,127.77492493,106 ng/ml,High Risk
58.67,2554066.0,6.79e-06,341.5,171.22222756,240 ng/ml,High Risk
56.33,2904197.0,8.71e-06,385.2,155.52247813,150 ng/ml,High Risk
61.58,1299392.0,6.79e-06,302.2,0.0,300 ng/ml,High Risk
49.2,1546415.0,6.79e-06,286.5,126.22437956,90 ng/ml,High Risk
31.25,4015204.0,6.79e-06,320.5,136.13334429,57 ng/ml,High Risk
61.58,3855919.0,6.79e-06,493.8,7.97193865,300 ng/ml,High Risk
31.25,2384182.0,8.71e-06,206.3,74.61161249,28 ng/ml,High Risk
48.01,10593515.0,6.79e-06,349.6,147.72870707,90 ng/ml,High Risk
53.29,10286618.0,8.71e-06,230.7,130.38166261,106 ng/ml,High Risk
59.61,1637087.0,8.71e-06,317.0,46.32334254,300 ng/ml,High Risk
52.04,7551033.0,6.79e-06,456.2,10.1102364,150 ng/ml,High Risk
39.69,5231196.0,6.79e-06,371.7,14.36810476,0,High Risk
39.46,2585888.0,6.79e-06,299.2,80.41931928,330 ng/ml,High Risk
45.85,3511861.0,6.79e-06,439.1,32.28901178,150 ng/ml,High Risk
47.13,10594203.0,8.71e-06,258.3,162.4909296,57 ng/ml,High Risk
59.55,9868030.0,6.79e-06,493.8,156.44669694,106 ng/ml,High Risk
58.94,5185048.0,6.79e-06,453.8,111.5081443,360 ng/ml,High Risk
41.23,1851622.0,6.79e-06,413.2,150.62973468,330 ng/ml,High Risk
35.71,764000.0,8.71e-06,333.9,149.42539884,300 ng/ml,High Risk
61.58,4308624.0,6.79e-06,321.8,61.11289674,0,High Risk
57.51,8485861.0,6.79e-06,241.6,48.39870837,150 ng/ml,High Risk
52.8,2621385.0,6.79e-06,455.9,90.62449215,150 ng/ml,High Risk
57.87,13080819.0,6.79e-06,346.8,107.5815131,150 ng/ml,High Risk
61.24,1058060.0,6.79e-06,386.5,0.0,0,High Risk
40.12,764000.0,8.71e-06,155.1,172.58266442,106 ng/ml,High Risk
46.4,3223644.0,6.79e-06,390.6,184.306769,150 ng/ml,High Risk
37.29,4015504.0,6.79e-06,104.2,169.92105185,57 ng/ml,High Risk
54.98,11198008.0,8.71e-06,396.8,104.34869618,330 ng/ml,High Risk
35.98,12960368.0,6.79e-06,379.1,41.54159319,28 ng/ml,High Risk
53.03,3661432.0,6.79e-06,376.5,62.23137546,10 ng/ml,High Risk
44.05,2162081.0,6.79e-06,394.0,71.55360506,360 ng/ml,High Risk
40.41,2838712.0,8.71e-06,321.8,122.08804166,120 ng/ml,High Risk
47.55,3610119.0,6.79e-06,434.8,130.53303518,120 ng/ml,High Risk
39.04,968837.0,8.71e-06,237.1,0.0,28 ng/ml,High Risk
61.58,1115271.0,6.79e-06,322.0,0.0,120 ng/ml,High Risk
50.86,764000.0,8.71e-06,189.9,167.38484894,330 ng/ml,High Risk
43.9,13230833.0,6.79e-06,290.7,131.16572026,120 ng/ml,High Risk
50.01,1425484.0,8.71e-06,208.0,63.47969365,300 ng/ml,High Risk
52.47,11890839.0,6.79e-06,239.7,107.79387488,120 ng/ml,High Risk
45.31,935670.0,6.79e-06,384.4,119.40115367,360 ng/ml,High Risk
56.57,3321324.0,6.79e-06,493.8,96.26590804,120 ng/ml,High Risk
57.48,2085069.0,6.79e-06,336.0,136.53378477,57 ng/ml,High Risk
42.99,1314209.0,6.79e-06,453.9,96.69838998,330 ng/ml,High Risk
43.16,2520878.0,6.79e-06,144.0,0.0,180 ng/ml,High Risk
42.82,1244550.0,8.71e-06,213.0,31.02240974,120 ng/ml,High Risk
43.56,8900853.0,8.71e-06,303.3,133.13571012,150 ng/ml,High Risk
61.58,5072244.0,6.79e-06,490.6,78.96423413,10 ng/ml,High Risk
41.95,5253092.0,8.71e-06,121.0,144.07666497,270 ng/ml,High Risk
38.88,2016021.0,6.79e-06,249.7,176.20167582,330 ng/ml,High Risk
32.8,8601049.0,8.71e-06,264.2,128.630855,240 ng/ml,High Risk
59.55,3454614.0,8.71e-06,212.3,184.306769,360 ng/ml,High Risk
46.21,764000.0,6.79e-06,418.6,77.15330911,360 ng/ml,High Risk
32.23,764000.0,6.79e-06,245.0,34.1774919,300 ng/ml,High Risk
33.49,4636971.0,8.71e-06,202.0,93.58018972,300 ng/ml,High Risk
55.15,8384824.0,6.79e-06,482.2,136.47661721,10 ng/ml,High Risk
54.22,2353744.0,6.79e-06,467.3,92.99758964,270 ng/ml,High Risk
38.83,4728707.0,6.79e-06,235.8,102.70781255,200 ng/ml,High Risk
61.58,2584469.0,6.79e-06,420.8,6.74142836,90 ng/ml,High Risk
41.67,1912141.0,6.79e-06,342.2,119.06633285,57 ng/ml,High Risk
55.64,4079012.0,6.79e-06,315.6,184.306769,330 ng/ml,High Risk
32.36,1731716.0,6.79e-06,229.7,139.28357357,180 ng/ml,High Risk
46.0,1195212.0,8.71e-06,168.2,114.75521346,200 ng/ml,High Risk
61.58,3524335.0,6.79e-06,477.3,0.0,300 ng/ml,High Risk
40.06,8076357.0,6.79e-06,220.8,137.66399907,200 ng/ml,High Risk
51.89,2249232.0,8.71e-06,249.7,11.2254721,200 ng/ml,High Risk
61.58,4246873.0,6.79e-06,438.7,22.12467039,120 ng/ml,High Risk
40.13,3599676.0,6.79e-06,429.6,135.1524743,330 ng/ml,High Risk
42.9,4987854.0,6.79e-06,379.8,60.37649998,120 ng/ml,High Risk
50.99,3317606.0,6.79e-06,383.8,0.0,28 ng/ml,High Risk
53.56,12202872.0,6.79e-06,292.0,63.48347796,120 ng/ml,High Risk
44.61,2935519.0,6.79e-06,335.0,30.96498397,360 ng/ml,High Risk
44.02,3936005.0,6.79e-06,367.9,62.07806329,120 ng/ml,High Risk
36.45,1188055.0,8.71e-06,170.7,85.77297447,270 ng/ml,High Risk
50.97,14929749.0,6.79e-06,196.0,116.45548267,120 ng/ml,High Risk
44.83,4480559.0,8.71e-06,376.4,42.24975924,28 ng/ml,High Risk
61.58,13500726.0,6.79e-06,309.3,42.70485375,240 ng/ml,High Risk
43.75,3798749.0,8.71e-06,109.1,184.306769,28 ng/ml,High Risk
42.06,7267814.0,6.79e-06,414.2,55.14527117,150 ng/ml,High Risk
31.25,4716990.0,6.79e-06,334.4,147.03241192,90 ng/ml,High Risk
58.73,12739445.0,6.79e-06,315.3,104.40530846,120 ng/ml,High Risk
31.25,2439775.0,8.71e-06,351.6,184.306769,270 ng/ml,High Risk
31.25,2504957.0,6.79e-06,132.7,0.0,90 ng/ml,High Risk
34.52,2032622.0,6.79e-06,449.7,184.306769,360 ng/ml,High Risk
41.28,9086062.0,8.71e-06,432.2,105.99509062,10 ng/ml,High Risk
61.58,2841300.0,8.71e-06,452.3,92.6596965,10 ng/ml,High Risk
56.0,12588845.0,6.79e-06,431.5,78.71331449,120 ng/ml,High Risk
31.25,764000.0,8.71e-06,306.0,129.81272759,360 ng/ml,High Risk
48.68,1865978.0,6.79e-06,241.2,146.35330094,300 ng/ml,High Risk
61.58,3456027.0,6.79e-06,345.6,18.40139047,150 ng/ml,High Risk
47.43,2836482.0,6.79e-06,240.0,60.76008915,300 ng/ml,High Risk
38.99,1612149.0,6.79e-06,144.4,23.9170759,270 ng/ml,High Risk
31.25,5179282.0,8.71e-06,233.5,140.23770605,28 ng/ml,High Risk
52.9,4248990.0,6.79e-06,462.3,87.8960883,120 ng/ml,High Risk
33.58,857996.0,6.79e-06,321.4,78.93908391,200 ng/ml,High Risk
53.91,10308503.0,6.79e-06,371.4,99.21408636,120 ng/ml,High Risk
61.16,3948712.0,6.79e-06,467.1,76.02005476,10 ng/ml,High Risk
57.47,4435365.0,6.79e-06,474.9,127.2544814,200 ng/ml,High Risk
47.85,2905931.0,6.79e-06,395.5,1.31404671,270 ng/ml,High Risk
54.01,764000.0,6.79e-06,359.8,54.76771389,360 ng/ml,High Risk
40.08,3879371.0,6.79e-06,418.4,56.93563599,300 ng/ml,High Risk
60.86,3247615.0,6.79e-06,386.4,99.73318369,150 ng/ml,High Risk
59.46,3636756.0,6.79e-06,381.6,124.77731565,300 ng/ml,High Risk
52.02,3878708.0,6.79e-06,361.6,2.26579629,150 ng/ml,High Risk
61.58,5663698.0,6.79e-06,452.5,133.91246667,120 ng/ml,High Risk
35.38,764000.0,8.71e-06,344.3,174.30589771,180 ng/ml,High Risk
31.32,800219.0,8.71e-06,316.4,184.306769,180 ng/ml,High Risk
61.58,764000.0,6.79e-06,275.9,184.306769,330 ng/ml,High Risk
47.71,3860141.0,6.79e-06,339.8,169.91056216,57 ng/ml,High Risk
55.11,1624351.0,6.79e-06,417.2,0.0,330 ng/ml,High Risk
48.52,4152194.0,6.79e-06,247.3,153.93464645,10 ng/ml,High Risk
37.95,1799196.0,8.71e-06,137.5,184.306769,10 ng/ml,High Risk
43.98,4651911.0,8.71e-06,104.2,116.41379144,120 ng/ml,High Risk
51.82,764000.0,8.71e-06,255.9,98.21194069,270 ng/ml,High Risk
53.1,3750468.0,6.79e-06,458.2,82.60955919,150 ng/ml,High Risk
48.79,764000.0,6.79e-06,370.1,58.8347769,10 ng/ml,High Risk
31.25,1091904.0,8.71e-06,114.5,102.36992601,90 ng/ml,High Risk
43.37,3695727.0,6.79e-06,244.2,51.47215947,360 ng/ml,High Risk
43.49,3496460.0,8.71e-06,358.5,184.306769,120 ng/ml,High Risk
41.72,1916368.0,8.71e-06,447.9,11.90621937,10 ng/ml,High Risk
61.58,4503743.0,6.79e-06,493.8,17.16788757,120 ng/ml,High Risk
49.5,4225517.0,6.79e-06,263.6,83.28597542,300 ng/ml,High Risk
61.58,5246458.0,6.79e-06,420.5,13.19093883,180 ng/ml,High Risk
53.14,10061205.0,6.79e-06,329.1,96.24578569,300 ng/ml,High Risk
47.06,3526629.0,6.79e-06,368.6,43.00825527,270 ng/ml,High Risk
32.81,764000.0,8.71e-06,351.1,91.26082661,120 ng/ml,High Risk
54.26,3712816.0,6.79e-06,248.1,170.95203406,120 ng/ml,High Risk
33.24,2974598.0,6.79e-06,114.3,84.99768428,120 ng/ml,High Risk
31.25,1691342.0,8.71e-06,204.5,115.33594782,330 ng/ml,High Risk
54.29,2531365.0,6.79e-06,341.4,55.6624079,270 ng/ml,High Risk
40.56,13126762.0,6.79e-06,416.4,69.38208685,57 ng/ml,High Risk
61.58,11274836.0,6.79e-06,369.1,79.09239219,120 ng/ml,High Risk
53.12,3400846.0,6.79e-06,423.8,65.36451078,120 ng/ml,High Risk
58.17,8921992.0,6.79e-06,487.6,13.73006907,10 ng/ml,High Risk
35.29,8319768.0,6.79e-06,319.3,78.35281618,360 ng/ml,High Risk
31.25,764000.0,8.71e-06,150.3,64.83234568,150 ng/ml,High Risk
39.63,1003259.0,6.79e-06,231.9,97.85253428,360 ng/ml,High Risk
52.85,1383111.0,6.79e-06,279.9,48.31857983,360 ng/ml,High Risk
41.85,4802015.0,6.79e-06,394.3,33.87035429,200 ng/ml,High Risk
54.08,6898947.0,6.79e-06,298.3,0.0,270 ng/ml,High Risk
48.2,2911992.0,6.79e-06,347.1,0.0,200 ng/ml,High Risk
60.82,2810678.0,6.79e-06,275.1,136.24624533,106 ng/ml,High Risk
44.84,1665460.0,8.71e-06,289.4,97.95702288,0,High Risk
61.58,4404414.0,6.79e-06,484.8,113.11274331,120 ng/ml,High Risk
51.73,2054116.0,6.79e-06,465.5,9.92888796,0,High Risk
45.6,1443958.0,6.79e-06,361.3,153.25957954,180 ng/ml,High Risk
31.25,1784632.0,6.79e-06,163.0,71.38141954,120 ng/ml,High Risk
46.99,5308551.0,6.79e-06,227.3,63.24346409,300 ng/ml,High Risk
46.16,2929329.0,6.79e-06,419.4,53.70187804,180 ng/ml,High Risk
52.5,5019518.0,6.79e-06,403.5,35.69447152,120 ng/ml,High Risk
38.85,2912058.0,8.71e-06,394.4,23.28780651,240 ng/ml,High Risk
35.94,3041167.0,6.79e-06,401.0,76.06303309,200 ng/ml,High Risk
61.58,2488881.0,6.79e-06,364.5,43.65788499,360 ng/ml,High Risk
34.81,3557352.0,8.71e-06,178.2,184.306769,57 ng/ml,High Risk
44.9,4371506.0,6.79e-06,378.9,62.00637286,10 ng/ml,High Risk
47.64,1653544.0,6.79e-06,131.4,72.67692733,270 ng/ml,High Risk
31.33,9698023.0,8.71e-06,104.2,147.9504402,57 ng/ml,High Risk
35.86,3928277.0,8.71e-06,198.9,160.06012754,28 ng/ml,High Risk
47.26,3449106.0,6.79e-06,493.8,85.67252848,330 ng/ml,High Risk
41.15,764000.0,8.71e-06,255.1,39.80020515,90 ng/ml,High Risk
60.16,4282250.0,6.79e-06,424.7,49.56678136,300 ng/ml,High Risk
34.57,3466573.0,8.71e-06,140.0,157.79802532,200 ng/ml,High Risk
39.96,3935717.0,6.79e-06,323.0,54.33628029,120 ng/ml,High Risk
59.68,1006178.0,6.79e-06,257.2,99.64975768,360 ng/ml,High Risk
41.82,3744390.0,6.79e-06,205.3,8.65099986,360 ng/ml,High Risk
37.03,2332966.0,6.79e-06,169.4,96.97713514,240 ng/ml,High Risk
39.93,9570301.0,6.79e-06,104.2,97.07849114,200 ng/ml,High Risk
31.63,3209549.0,6.79e-06,223.7,184.1203588,28 ng/ml,High Risk
31.35,3903229.0,6.79e-06,440.8,0.0,300 ng/ml,High Risk
45.02,3337442.0,6.79e-06,406.0,138.96905086,120 ng/ml,High Risk
57.27,7347341.0,6.79e-06,368.3,124.82682438,270 ng/ml,High Risk
33.66,2009984.0,8.71e-06,172.8,170.38160896,0,High Risk
61.58,4704968.0,6.79e-06,451.9,97.27926666,270 ng/ml,High Risk
61.58,11956670.0,6.79e-06,427.4,84.83460414,28 ng/ml,High Risk
61.58,4625131.0,6.79e-06,458.4,107.71733157,57 ng/ml,High Risk
58.3,4158617.0,6.79e-06,443.4,75.80917918,360 ng/ml,High Risk
33.24,2801350.0,6.79e-06,138.1,154.56434514,270 ng/ml,High Risk
50.34,12115169.0,6.79e-06,268.6,21.89056863,200 ng/ml,High Risk
36.97,7778276.0,6.79e-06,174.6,116.85461972,120 ng/ml,High Risk
53.22,3272218.0,6.79e-06,380.8,137.36086819,150 ng/ml,High Risk
47.03,3730049.0,8.71e-06,271.6,184.306769,300 ng/ml,High Risk
34.7,6439405.0,6.79e-06,240.7,114.14356998,120 ng/ml,High Risk
47.09,4262896.0,6.79e-06,380.0,26.80401149,180 ng/ml,High Risk
41.98,3526933.0,6.79e-06,218.0,56.9145104,200 ng/ml,High Risk
37.94,1742605.0,6.79e-06,290.1,102.67416746,106 ng/ml,High Risk
31.25,2979076.0,8.71e-06,147.7,99.2901024,300 ng/ml,High Risk
61.58,1978062.0,6.79e-06,340.5,40.29499062,10 ng/ml,High Risk
61.58,3093095.0,6.79e-06,379.2,57.84282306,120 ng/ml,High Risk
42.78,764000.0,6.79e-06,196.7,33.20365549,360 ng/ml,High Risk
36.08,2523594.0,6.79e-06,380.1,0.0,330 ng/ml,High Risk
35.04,1689282.0,6.79e-06,274.6,41.64507467,200 ng/ml,High Risk
56.29,2601376.0,6.79e-06,376.1,164.31768481,240 ng/ml,High Risk
38.73,2553377.0,6.79e-06,364.5,157.67516654,360 ng/ml,High Risk
51.11,764000.0,6.79e-06,280.4,108.93313545,270 ng/ml,High Risk
53.95,11754858.0,6.79e-06,473.7,57.2459062,120 ng/ml,High Risk
36.2,1256965.0,6.79e-06,322.6,31.22104813,330 ng/ml,High Risk
39.02,3477588.0,8.71e-06,279.1,100.02877782,57 ng/ml,High Risk
47.64,3119107.0,6.79e-06,353.9,0.0,0,High Risk
49.52,1378913.0,6.79e-06,296.9,143.29382676,270 ng/ml,High Risk
60.71,5981244.0,6.79e-06,406.0,115.32465865,120 ng/ml,High Risk
54.81,3791512.0,6.79e-06,132.7,178.69067513,57 ng/ml,High Risk
60.44,3506810.0,6.79e-06,204.1,126.03251653,200 ng/ml,High Risk
57.8,9448970.0,6.79e-06,275.8,31.07874671,10 ng/ml,High Risk
50.07,3832217.0,6.79e-06,426.9,0.0,10 ng/ml,High Risk
44.54,1192624.0,6.79e-06,216.0,37.27732277,300 ng/ml,High Risk
52.48,2291466.0,6.79e-06,292.8,54.08610492,270 ng/ml,High Risk
52.56,1371423.0,8.71e-06,338.3,182.08005193,330 ng/ml,High Risk
61.58,2996267.0,6.79e-06,422.5,0.0,120 ng/ml,High Risk
34.29,2711945.0,6.79e-06,162.4,94.22516643,270 ng/ml,High Risk
38.06,4329722.0,6.79e-06,147.0,156.87283592,330 ng/ml,High Risk
57.44,2884957.0,6.79e-06,277.9,23.49877619,0,High Risk
35.74,4061718.0,6.79e-06,305.2,149.37060483,180 ng/ml,High Risk
50.36,4148462.0,6.79e-06,438.3,58.58147827,360 ng/ml,High Risk
58.88,3889866.0,6.79e-06,477.1,159.24970879,270 ng/ml,High Risk
34.69,764000.0,8.71e-06,189.4,96.34950359,270 ng/ml,High Risk
31.25,3201417.0,6.79e-06,325.2,184.306769,28 ng/ml,High Risk
61.53,4245285.0,8.71e-06,429.2,184.306769,200 ng/ml,High Risk
35.46,1324366.0,6.79e-06,149.2,50.90468343,270 ng/ml,High Risk
40.71,11606409.0,6.79e-06,351.9,98.73146342,57 ng/ml,High Risk
41.81,3612491.0,8.71e-06,104.2,37.93535171,57 ng/ml,High Risk
47.1,2748921.0,6.79e-06,402.8,58.83705713,200 ng/ml,High Risk
33.23,6988811.0,6.79e-06,140.0,0.0,28 ng/ml,High Risk
41.54,764000.0,8.71e-06,241.3,112.7174108,90 ng/ml,High Risk
61.58,4302463.0,6.79e-06,367.9,31.49625627,270 ng/ml,High Risk
57.2,4358718.0,6.79e-06,219.9,74.29024597,28 ng/ml,High Risk
52.14,15014957.0,6.79e-06,341.2,16.08810279,120 ng/ml,High Risk
58.82,764000.0,6.79e-06,385.4,30.12182694,0,High Risk
38.04,764000.0,8.71e-06,397.3,182.65264838,106 ng/ml,High Risk
53.32,1110726.0,6.79e-06,373.2,33.68073106,150 ng/ml,High Risk
34.87,12182922.0,6.79e-06,148.0,119.06005521,270 ng/ml,High Risk
61.58,4034517.0,6.79e-06,322.8,0.0,360 ng/ml,High Risk
31.25,4106385.0,6.79e-06,211.7,0.0,200 ng/ml,High Risk
48.78,4342547.0,6.79e-06,449.0,37.76733936,150 ng/ml,High Risk
61.58,3937486.0,6.79e-06,324.4,107.8507407,330 ng/ml,High Risk
61.58,764000.0,6.79e-06,250.8,49.46488952,360 ng/ml,High Risk
47.3,8137880.0,6.79e-06,400.1,89.25188848,150 ng/ml,High Risk
61.58,5690661.0,6.79e-06,493.1,111.69279177,120 ng/ml,High Risk
58.08,3940792.0,6.79e-06,417.5,50.34414452,360 ng/ml,High Risk
57.76,4493194.0,8.71e-06,283.4,111.93406708,330 ng/ml,High Risk
31.25,1548634.0,6.79e-06,244.5,106.39063468,150 ng/ml,High Risk
37.63,8594866.0,6.79e-06,430.5,96.48251609,120 ng/ml,High Risk
46.33,5466662.0,8.71e-06,294.7,137.54675221,57 ng/ml,High Risk
58.93,1802592.0,6.79e-06,395.3,122.09848469,360 ng/ml,High Risk
39.16,13484147.0,6.79e-06,245.8,158.35349359,120 ng/ml,High Risk
61.58,4972235.0,6.79e-06,294.4,0.0,106 ng/ml,High Risk
51.25,3569118.0,8.71e-06,279.7,86.3770816,360 ng/ml,High Risk
40.83,7043667.0,6.79e-06,104.2,166.68768275,28 ng/ml,High Risk
61.58,2448619.0,8.71e-06,457.8,80.8580357,120 ng/ml,High Risk
35.36,2418111.0,8.71e-06,106.1,118.74505033,120 ng/ml,High Risk
36.98,4770116.0,6.79e-06,375.3,137.98965852,106 ng/ml,High Risk
44.66,4346922.0,6.79e-06,259.2,79.40454601,0,High Risk
50.75,1896379.0,6.79e-06,297.0,121.10930881,200 ng/ml,High Risk
44.42,5752399.0,6.79e-06,354.1,0.0,360 ng/ml,High Risk
51.74,3061717.0,6.79e-06,419.5,4.65378723,270 ng/ml,High Risk
41.22,10982212.0,6.79e-06,285.2,35.90147801,150 ng/ml,High Risk
54.89,11760443.0,6.79e-06,309.5,107.44539445,57 ng/ml,High Risk
34.69,764000.0,8.71e-06,345.4,174.86458879,10 ng/ml,High Risk
61.58,4556099.0,6.79e-06,433.0,27.89065873,10 ng/ml,High Risk
50.09,3351903.0,8.71e-06,346.5,143.29995508,150 ng/ml,High Risk
31.25,1803474.0,6.79e-06,451.4,184.00107124,330 ng/ml,High Risk
42.63,1705121.0,8.71e-06,312.3,116.63740973,90 ng/ml,High Risk
59.41,2255933.0,6.79e-06,372.0,154.18816595,57 ng/ml,High Risk
51.15,764000.0,8.71e-06,288.6,168.01467828,150 ng/ml,High Risk
59.59,8626822.0,6.79e-06,459.5,0.0,200 ng/ml,High Risk
48.64,3501730.0,6.79e-06,364.6,83.44510327,28 ng/ml,High Risk
60.4,11248403.0,6.79e-06,491.9,63.73069961,200 ng/ml,High Risk
61.58,12533888.0,8.71e-06,456.2,41.38632277,0,High Risk
57.8,4324172.0,6.79e-06,452.4,158.46823312,150 ng/ml,High Risk
58.53,1769264.0,8.71e-06,154.0,171.20607618,240 ng/ml,High Risk
50.92,5526036.0,6.79e-06,433.0,64.93677751,240 ng/ml,High Risk
61.58,3637774.0,6.79e-06,271.4,10.53378718,28 ng/ml,High Risk
61.58,2284891.0,6.79e-06,406.6,109.45084457,120 ng/ml,High Risk
38.54,764000.0,8.71e-06,104.2,15.12103552,300 ng/ml,High Risk
48.92,8465002.0,8.71e-06,331.4,102.31810751,270 ng/ml,High Risk
55.69,2298191.0,6.79e-06,196.9,96.61765484,360 ng/ml,High Risk
45.56,1544790.0,6.79e-06,326.9,35.95446775,90 ng/ml,High Risk
45.78,6858987.0,6.79e-06,338.2,124.32751577,57 ng/ml,High Risk
61.58,1727435.0,6.79e-06,304.6,65.09812648,300 ng/ml,High Risk
61.58,1944022.0,8.71e-06,389.0,24.91400706,300 ng/ml,High Risk
48.08,4476014.0,6.79e-06,384.4,1.52145761,270 ng/ml,High Risk
40.9,982055.0,6.79e-06,321.9,53.58861303,300 ng/ml,High Risk
61.0,3652442.0,6.79e-06,398.7,0.0,270 ng/ml,High Risk
45.57,1515438.0,8.71e-06,314.0,159.69871853,0,High Risk
50.28,764000.0,6.79e-06,321.5,62.1834377,360 ng/ml,High Risk
61.58,2762346.0,6.79e-06,493.8,121.56093475,0,High Risk
42.2,938911.0,8.71e-06,104.2,48.44104976,150 ng/ml,High Risk
54.46,2225912.0,6.79e-06,358.4,0.0,200 ng/ml,High Risk
41.66,964226.0,6.79e-06,209.4,79.81574605,10 ng/ml,High Risk
36.73,1941808.0,6.79e-06,387.6,65.14384156,300 ng/ml,High Risk
34.89,1637092.0,6.79e-06,205.2,138.75701417,10 ng/ml,High Risk
31.25,1838134.0,6.79e-06,364.7,115.92595865,106 ng/ml,High Risk
45.23,1936326.0,6.79e-06,193.2,15.71395186,330 ng/ml,High Risk
41.75,764000.0,6.79e-06,273.7,0.0,360 ng/ml,High Risk
45.24,3810168.0,6.79e-06,317.2,6.22394945,28 ng/ml,High Risk
40.09,4002568.0,8.71e-06,104.2,96.03832346,270 ng/ml,High Risk
47.96,764000.0,6.79e-06,376.7,108.79794382,360 ng/ml,High Risk
61.58,3387322.0,6.79e-06,455.8,0.0,120 ng/ml,High Risk
39.81,8901847.0,6.79e-06,307.3,23.09303176,300 ng/ml,High Risk
53.95,764000.0,8.71e-06,152.8,147.16275534,180 ng/ml,High Risk
52.97,4838141.0,6.79e-06,339.5,148.40315804,90 ng/ml,High Risk
50.37,764000.0,8.71e-06,452.2,184.306769,10 ng/ml,High Risk
44.69,3721007.0,6.79e-06,467.4,47.12162286,0,High Risk
39.33,4463029.0,6.79e-06,376.2,146.1797731,180 ng/ml,High Risk
31.81,2397321.0,8.71e-06,149.1,55.35649283,150 ng/ml,High Risk
61.58,2902563.0,6.79e-06,493.8,24.73561389,360 ng/ml,High Risk
41.13,4912634.0,6.79e-06,266.9,115.93979247,330 ng/ml,High Risk
43.78,2785686.0,6.79e-06,336.9,121.36902196,150 ng/ml,High Risk
31.97,4826794.0,6.79e-06,269.1,0.0,150 ng/ml,High Risk
61.58,981323.0,8.71e-06,354.3,91.04629853,330 ng/ml,High Risk
34.35,1967855.0,8.71e-06,178.1,158.79793042,300 ng/ml,High Risk
61.58,6641709.0,8.71e-06,268.5,93.48797953,120 ng/ml,High Risk
45.51,5943974.0,6.79e-06,430.1,23.56152146,330 ng/ml,High Risk
46.39,4388776.0,6.79e-06,414.0,115.05740487,300 ng/ml,High Risk
49.86,4313612.0,8.71e-06,282.3,184.306769,57 ng/ml,High Risk
33.71,2254335.0,8.71e-06,109.8,24.01324384,57 ng/ml,High Risk
60.12,1995237.0,6.79e-06,445.6,52.02095503,10 ng/ml,High Risk
51.34,6828559.0,8.71e-06,202.0,113.22637228,120 ng/ml,High Risk
37.04,3116381.0,6.79e-06,249.7,157.35351383,270 ng/ml,High Risk
48.86,3544138.0,6.79e-06,323.1,66.89061132,270 ng/ml,High Risk
43.4,4789894.0,6.79e-06,104.2,16.50915247,330 ng/ml,High Risk
55.96,4409857.0,6.79e-06,472.7,49.32138111,150 ng/ml,High Risk
45.22,764000.0,6.79e-06,305.0,101.75665557,300 ng/ml,High Risk
42.32,2807388.0,6.79e-06,192.8,86.7378352,150 ng/ml,High Risk
51.95,11789559.0,6.79e-06,311.0,23.30355971,90 ng/ml,High Risk
53.58,11546273.0,6.79e-06,419.0,0.0,57 ng/ml,High Risk
52.75,3847762.0,6.79e-06,429.1,122.38261467,150 ng/ml,High Risk
31.25,2252155.0,8.71e-06,225.1,159.06859677,106 ng/ml,High Risk
61.58,764000.0,6.79e-06,317.7,21.08120756,57 ng/ml,High Risk
41.3,1009590.0,8.71e-06,118.6,184.306769,120 ng/ml,High Risk
61.58,764000.0,6.79e-06,220.3,70.54918149,270 ng/ml,High Risk
56.35,4899632.0,6.79e-06,245.5,89.52503085,57 ng/ml,High Risk
34.97,2651194.0,6.79e-06,284.2,184.306769,330 ng/ml,High Risk
40.64,4509225.0,6.79e-06,327.1,0.0,150 ng/ml,High Risk
35.57,764000.0,8.71e-06,123.3,184.306769,57 ng/ml,High Risk
35.35,764000.0,6.79e-06,226.8,77.46640784,0,High Risk
31.25,4935569.0,8.71e-06,270.5,110.87598029,0,High Risk
49.8,11071845.0,6.79e-06,239.5,76.5121626,120 ng/ml,High Risk
37.64,3288818.0,6.79e-06,185.7,150.13953766,120 ng/ml,High Risk
37.66,3666314.0,6.79e-06,405.4,142.13149945,200 ng/ml,High Risk
53.39,3427983.0,8.71e-06,281.7,151.90881111,57 ng/ml,High Risk
56.14,11338353.0,6.79e-06,327.6,126.86905374,28 ng/ml,High Risk
60.54,4644549.0,6.79e-06,350.7,11.82260049,120 ng/ml,High Risk
43.3,2101593.0,6.79e-06,386.8,71.18061291,360 ng/ml,High Risk
35.6,3615197.0,6.79e-06,462.6,40.58075068,120 ng/ml,High Risk
58.4,3881756.0,6.79e-06,437.6,0.0,57 ng/ml,High Risk
53.48,3078480.0,8.71e-06,182.1,115.33974302,0,High Risk
33.99,1948863.0,8.71e-06,245.6,184.306769,90 ng/ml,High Risk
51.12,1481446.0,8.71e-06,212.3,83.77223997,270 ng/ml,High Risk
61.58,11597140.0,6.79e-06,369.7,81.37170308,270 ng/ml,High Risk
47.69,12621160.0,6.79e-06,309.9,129.10907224,270 ng/ml,High Risk
45.31,3528793.0,8.71e-06,196.2,161.09821486,120 ng/ml,High Risk
36.11,4761673.0,6.79e-06,276.7,0.03283003,10 ng/ml,High Risk
52.87,4412407.0,6.79e-06,315.8,165.14943134,10 ng/ml,High Risk
51.57,764000.0,6.79e-06,493.8,107.23900078,330 ng/ml,High Risk
43.34,2106937.0,6.79e-06,193.3,4.90973317,330 ng/ml,High Risk
53.15,3402148.0,6.79e-06,181.7,97.69586709,10 ng/ml,High Risk
50.08,1014921.0,8.71e-06,166.3,184.306769,270 ng/ml,High Risk
38.83,1528396.0,8.71e-06,262.6,108.19571057,90 ng/ml,High Risk
60.34,2546348.0,6.79e-06,415.3,47.94508217,200 ng/ml,High Risk
52.36,3710316.0,6.79e-06,377.4,94.27191896,120 ng/ml,High Risk
54.51,4305439.0,6.79e-06,462.4,10.43957907,270 ng/ml,High Risk
52.22,6111351.0,6.79e-06,394.5,91.24259331,57 ng/ml,High Risk
39.82,764000.0,8.71e-06,265.2,177.80912434,240 ng/ml,High Risk
38.29,3170697.0,8.71e-06,174.3,156.60200781,300 ng/ml,High Risk
45.56,4477401.0,6.79e-06,348.4,22.01096364,120 ng/ml,High Risk
49.87,4388894.0,6.79e-06,428.9,33.5203931,300 ng/ml,High Risk
41.28,1049308.0,8.71e-06,275.3,146.33430627,270 ng/ml,High Risk
38.05,3836380.0,6.79e-06,404.7,53.55667423,120 ng/ml,High Risk
53.63,2857519.0,6.79e-06,405.7,52.62283675,90 ng/ml,High Risk
40.43,11950669.0,6.79e-06,342.8,98.24009907,300 ng/ml,High Risk
34.6,764000.0,6.79e-06,222.2,115.79364608,330 ng/ml,High Risk
35.48,3404881.0,8.71e-06,225.0,8.06702402,150 ng/ml,High Risk
49.71,1930922.0,6.79e-06,329.6,80.355493,300 ng/ml,High Risk
49.41,3412770.0,8.71e-06,473.2,150.71337222,360 ng/ml,High Risk
33.27,4302545.0,8.71e-06,271.3,120.82234487,28 ng/ml,High Risk
61.58,4064001.0,6.79e-06,445.7,46.73957044,150 ng/ml,High Risk
48.81,764000.0,8.71e-06,404.4,164.71336884,360 ng/ml,High Risk
55.71,10775487.0,6.79e-06,320.7,89.41730893,200 ng/ml,High Risk
52.43,9569314.0,6.79e-06,143.2,137.68224715,57 ng/ml,High Risk
55.11,13463840.0,6.79e-06,382.4,83.74294206,28 ng/ml,High Risk
52.7,12717495.0,8.71e-06,152.0,158.38285974,57 ng/ml,High Risk
55.8,2822769.0,8.71e-06,200.9,114.76265143,270 ng/ml,High Risk
53.15,3719734.0,6.79e-06,184.7,55.0496383,120 ng/ml,High Risk
42.89,3961629.0,8.71e-06,305.3,184.306769,180 ng/ml,High Risk
52.72,4404866.0,6.79e-06,380.2,34.71297626,10 ng/ml,High Risk
61.58,11687797.0,6.79e-06,493.8,63.18113723,200 ng/ml,High Risk
37.8,2617652.0,6.79e-06,293.3,0.0,0,High Risk
44.72,5170407.0,8.71e-06,379.0,6.37851372,120 ng/ml,High Risk
61.58,11333416.0,6.79e-06,393.0,102.53328458,57 ng/ml,High Risk
32.36,2525934.0,6.79e-06,104.2,99.64334316,57 ng/ml,High Risk
51.21,5123828.0,6.79e-06,166.8,0.0,120 ng/ml,High Risk
54.01,4460678.0,6.79e-06,310.8,90.30754766,90 ng/ml,High Risk
44.0,1877417.0,8.71e-06,152.4,139.77881012,240 ng/ml,High Risk
58.33,764000.0,8.71e-06,216.0,130.23644324,200 ng/ml,High Risk
44.52,10718774.0,6.79e-06,493.8,130.94515058,10 ng/ml,High Risk
31.25,1905849.0,6.79e-06,104.2,66.74562371,180 ng/ml,High Risk
42.54,770918.0,6.79e-06,381.1,117.87222228,106 ng/ml,High Risk
61.53,4960623.0,6.79e-06,313.6,45.75630201,90 ng/ml,High Risk
55.64,4985349.0,6.79e-06,318.2,184.306769,120 ng/ml,High Risk
38.98,3443741.0,8.71e-06,364.4,159.81619559,120 ng/ml,High Risk
54.85,7570433.0,6.79e-06,452.4,18.00133884,270 ng/ml,High Risk
42.59,2818651.0,6.79e-06,276.8,31.85032374,10 ng/ml,High Risk
57.38,2797795.0,8.71e-06,145.5,128.40447119,150 ng/ml,High Risk
44.86,5530068.0,6.79e-06,420.3,49.37699015,270 ng/ml,High Risk
37.79,3243287.0,6.79e-06,180.7,126.89762974,200 ng/ml,High Risk
34.82,1045247.0,6.79e-06,137.1,159.36774579,240 ng/ml,High Risk
40.87,2519553.0,6.79e-06,390.9,58.22085007,330 ng/ml,High Risk
40.71,1657018.0,8.71e-06,411.7,59.40522688,150 ng/ml,High Risk
33.92,3810134.0,8.71e-06,175.3,116.42617873,57 ng/ml,High Risk
59.99,1150432.0,8.71e-06,229.0,89.52174718,0,High Risk
49.57,2214319.0,8.71e-06,301.0,108.85757204,120 ng/ml,High Risk
60.93,4922980.0,6.79e-06,452.3,112.96309103,120 ng/ml,High Risk
52.61,8457415.0,8.71e-06,418.8,80.62982195,150 ng/ml,High Risk
61.58,764000.0,6.79e-06,260.3,111.25884619,360 ng/ml,High Risk
46.02,2843004.0,6.79e-06,312.3,59.51122501,150 ng/ml,High Risk
55.86,9459868.0,6.79e-06,211.9,89.58329225,200 ng/ml,High Risk
49.71,2564299.0,6.79e-06,427.7,24.98509555,150 ng/ml,High Risk
35.63,2548930.0,8.71e-06,281.0,152.12377509,330 ng/ml,High Risk
35.31,764000.0,8.71e-06,306.8,138.93599839,200 ng/ml,High Risk
31.25,2721489.0,6.79e-06,248.6,184.306769,150 ng/ml,High Risk
55.69,1460475.0,8.71e-06,194.5,184.306769,300 ng/ml,High Risk
59.16,830658.0,6.79e-06,360.0,107.16265189,360 ng/ml,High Risk
56.56,9074999.0,6.79e-06,417.1,39.88431243,28 ng/ml,High Risk
48.67,764000.0,8.71e-06,461.2,181.11971647,180 ng/ml,High Risk
48.0,764000.0,6.79e-06,269.9,90.47572139,106 ng/ml,High Risk
53.92,3420449.0,6.79e-06,426.6,122.9798675,180 ng/ml,High Risk
61.58,10040861.0,6.79e-06,446.9,33.98196434,57 ng/ml,High Risk
47.93,4037532.0,6.79e-06,349.7,92.1479726,120 ng/ml,High Risk
33.05,764000.0,6.79e-06,401.1,75.91039986,300 ng/ml,High Risk
42.46,1769598.0,6.79e-06,487.1,68.86718058,106 ng/ml,High Risk
61.58,2789388.0,6.79e-06,268.6,5.88584049,150 ng/ml,High Risk
31.25,764000.0,8.71e-06,104.2,49.28674833,28 ng/ml,High Risk
35.53,4888438.0,6.79e-06,389.1,151.87005028,120 ng/ml,High Risk
58.1,764000.0,6.79e-06,299.7,50.54970138,300 ng/ml,High Risk
45.91,4188220.0,6.79e-06,493.8,128.78120099,10 ng/ml,High Risk
49.47,2389199.0,8.71e-06,339.1,175.25774684,180 ng/ml,High Risk
61.58,11996010.0,6.79e-06,385.9,101.01318015,240 ng/ml,High Risk
31.25,1904990.0,6.79e-06,241.9,71.92663921,200 ng/ml,High Risk
31.28,4876568.0,6.79e-06,340.3,56.63042086,120 ng/ml,High Risk
39.36,764000.0,8.71e-06,104.2,120.23346638,10 ng/ml,High Risk
61.58,764000.0,8.71e-06,263.2,85.96476414,360 ng/ml,High Risk
55.74,5259388.0,8.71e-06,174.6,14.1850267,200 ng/ml,High Risk
42.96,3883070.0,6.79e-06,301.7,150.14904433,360 ng/ml,High Risk
33.76,6562667.0,6.79e-06,441.5,65.94468208,106 ng/ml,High Risk
34.49,1315960.0,6.79e-06,118.7,0.0,90 ng/ml,High Risk
46.09,13494106.0,6.79e-06,446.2,0.0,200 ng/ml,High Risk
43.56,12800567.0,6.79e-06,399.3,31.93383686,240 ng/ml,High Risk
61.58,4897741.0,6.79e-06,469.7,96.08368934,120 ng/ml,High Risk
38.66,9903739.0,6.79e-06,291.1,164.33281584,0,High Risk
58.24,5347830.0,6.79e-06,411.0,117.59143954,300 ng/ml,High Risk
33.57,764000.0,8.71e-06,236.5,15.93516859,200 ng/ml,High Risk
58.28,2699101.0,8.71e-06,287.3,184.306769,0,High Risk
57.26,4685328.0,6.79e-06,493.8,56.25823285,240 ng/ml,High Risk
32.74,764000.0,8.71e-06,188.9,31.24869089,300 ng/ml,High Risk
35.16,764000.0,6.79e-06,378.3,160.56852285,106 ng/ml,High Risk
36.64,3188105.0,6.79e-06,311.5,63.4791617,150 ng/ml,High Risk
47.76,791619.0,8.71e-06,154.1,171.31809063,330 ng/ml,High Risk
36.25,764000.0,8.71e-06,239.2,97.65421241,90 ng/ml,High Risk
45.43,1950362.0,6.79e-06,346.2,88.62856795,240 ng/ml,High Risk
51.62,1484650.0,6.79e-06,303.2,81.78485283,360 ng/ml,High Risk
45.68,764000.0,6.79e-06,361.7,18.58967604,180 ng/ml,High Risk
61.58,4149732.0,6.79e-06,484.6,52.53792377,330 ng/ml,High Risk
48.36,764000.0,6.79e-06,366.5,87.36217078,360 ng/ml,High Risk
61.01,5413903.0,6.79e-06,464.3,15.42249278,120 ng/ml,High Risk
49.46,1960485.0,8.71e-06,412.9,88.06256274,106 ng/ml,High Risk
31.74,3243913.0,6.79e-06,174.2,110.24144583,10 ng/ml,High Risk
61.12,3362066.0,6.79e-06,238.5,80.34132166,180 ng/ml,High Risk
41.13,13644800.0,6.79e-06,173.6,103.85073455,10 ng/ml,High Risk
39.13,1614501.0,6.79e-06,252.5,184.306769,0,High Risk
40.74,5218551.0,6.79e-06,398.7,65.71400846,28 ng/ml,High Risk
36.74,3068941.0,6.79e-06,270.5,135.72128488,57 ng/ml,High Risk
46.02,2479337.0,6.79e-06,237.7,171.49400758,300 ng/ml,High Risk
32.95,1578565.0,6.79e-06,186.2,181.714182,360 ng/ml,High Risk
61.58,2016396.0,6.79e-06,301.9,65.19102027,120 ng/ml,High Risk
44.31,2238954.0,6.79e-06,174.5,73.4737829,200 ng/ml,High Risk
59.34,764000.0,6.79e-06,274.7,46.12198218,240 ng/ml,High Risk
52.62,3681328.0,6.79e-06,361.5,111.77882465,270 ng/ml,High Risk
39.88,32600000.0,6.79e-06,201.6,34.88901453,57 ng/ml,High Risk
45.39,3336419.0,6.79e-06,347.2,81.78729366,360 ng/ml,High Risk
61.58,764000.0,6.79e-06,413.0,47.35471671,106 ng/ml,High Risk
61.58,8955696.0,6.79e-06,493.8,0.0,150 ng/ml,High Risk
37.64,2032442.0,6.79e-06,318.4,51.36893308,150 ng/ml,High Risk
44.44,2132557.0,6.79e-06,314.1,165.93233177,106 ng/ml,High Risk
43.23,3444795.0,6.79e-06,428.1,79.71059873,360 ng/ml,High Risk
41.29,3549066.0,6.79e-06,274.0,48.57572033,200 ng/ml,High Risk
32.15,1355664.0,8.71e-06,142.1,136.97592893,300 ng/ml,High Risk
34.2,3773546.0,8.71e-06,361.0,173.35333309,330 ng/ml,High Risk
32.61,2511939.0,8.71e-06,180.2,68.95581255,10 ng/ml,High Risk
42.26,2718918.0,6.79e-06,270.5,133.46548208,180 ng/ml,High Risk
55.24,11471253.0,6.79e-06,269.2,46.57999463,106 ng/ml,High Risk
43.7,4095647.0,8.71e-06,143.3,0.0,200 ng/ml,High Risk
42.32,1203931.0,6.79e-06,280.3,92.77021737,330 ng/ml,High Risk
41.08,3519448.0,6.79e-06,255.4,166.41803053,10 ng/ml,High Risk
42.0,10632872.0,6.79e-06,414.4,89.43797082,120 ng/ml,High Risk
58.98,4118157.0,6.79e-06,440.9,57.09896033,200 ng/ml,High Risk
41.24,3191962.0,6.79e-06,372.9,86.98939962,0,High Risk
57.13,2252972.0,6.79e-06,451.5,71.35715513,300 ng/ml,High Risk
37.32,2513631.0,6.79e-06,153.2,166.2834564,28 ng/ml,High Risk
54.4,2214729.0,6.79e-06,323.4,101.63115104,90 ng/ml,High Risk
55.25,9458439.0,6.79e-06,493.8,127.51041801,120 ng/ml,High Risk
31.25,4477694.0,6.79e-06,295.0,110.54418786,10 ng/ml,High Risk
37.73,10639941.0,6.79e-06,327.5,131.66988175,10 ng/ml,High Risk
33.68,1628590.0,8.71e-06,159.8,44.31822216,200 ng/ml,High Risk
59.44,764000.0,6.79e-06,289.5,119.01050916,240 ng/ml,High Risk
38.63,3867878.0,6.79e-06,274.4,86.52817388,360 ng/ml,High Risk
40.19,1382351.0,8.71e-06,104.2,71.69654263,90 ng/ml,High Risk
51.94,6252794.0,6.79e-06,364.1,92.88413526,240 ng/ml,High Risk
61.58,2430252.0,6.79e-06,465.0,41.35456439,10 ng/ml,High Risk
33.19,2014642.0,6.79e-06,312.1,143.59878058,240 ng/ml,High Risk
43.93,1838511.0,8.71e-06,194.2,170.41607686,240 ng/ml,High Risk
42.55,3893611.0,6.79e-06,330.1,45.7884959,150 ng/ml,High Risk
61.58,10222656.0,6.79e-06,448.5,95.24199595,120 ng/ml,High Risk
52.41,8964742.0,6.79e-06,353.1,2.63844159,150 ng/ml,High Risk
31.25,996706.0,6.79e-06,271.1,83.23899191,10 ng/ml,High Risk
42.22,764000.0,6.79e-06,185.4,154.94472393,150 ng/ml,High Risk
60.22,3540652.0,6.79e-06,330.1,60.10589585,0,High Risk
61.58,4349768.0,6.79e-06,486.9,100.31729251,330 ng/ml,High Risk
56.17,3749017.0,6.79e-06,387.4,85.92594629,10 ng/ml,High Risk
52.04,764000.0,8.71e-06,177.5,69.15723668,300 ng/ml,High Risk
55.95,1625208.0,6.79e-06,473.2,176.77890118,180 ng/ml,High Risk
61.58,5087201.0,6.79e-06,330.0,129.21959661,28 ng/ml,High Risk
54.88,1184642.0,6.79e-06,345.6,184.306769,270 ng/ml,High Risk
54.69,3316277.0,6.79e-06,493.8,177.2356382,120 ng/ml,High Risk
56.74,4700992.0,6.79e-06,321.4,128.87897411,150 ng/ml,High Risk
45.35,10023146.0,6.79e-06,309.7,32.7599217,10 ng/ml,High Risk
39.62,3029606.0,6.79e-06,238.3,148.00906674,120 ng/ml,High Risk
32.46,1777170.0,8.71e-06,306.8,184.306769,120 ng/ml,High Risk
42.2,2916849.0,6.79e-06,379.1,119.86446074,57 ng/ml,High Risk
51.34,7384783.0,8.71e-06,207.2,135.56316805,270 ng/ml,High Risk
35.85,1035010.0,6.79e-06,236.3,126.85188823,200 ng/ml,High Risk
46.51,764000.0,6.79e-06,374.5,64.16596418,240 ng/ml,High Risk
42.76,1481270.0,6.79e-06,198.8,17.69272047,360 ng/ml,High Risk
41.24,4322960.0,8.71e-06,104.2,166.92187161,57 ng/ml,High Risk
44.56,3048622.0,6.79e-06,347.9,113.70353496,57 ng/ml,High Risk
43.57,5398987.0,6.79e-06,190.3,131.32462723,120 ng/ml,High Risk
51.12,2015445.0,8.71e-06,293.1,148.8362777,180 ng/ml,High Risk
37.99,5321848.0,6.79e-06,360.4,51.33416343,57 ng/ml,High Risk
48.26,3561171.0,6.79e-06,201.7,72.08356615,10 ng/ml,High Risk
48.76,3497585.0,8.71e-06,171.2,184.306769,10 ng/ml,High Risk
31.25,2868318.0,8.71e-06,311.1,184.306769,57 ng/ml,High Risk
52.22,2941613.0,8.71e-06,396.1,114.25043602,330 ng/ml,High Risk
61.58,2046838.0,6.79e-06,402.9,71.75254209,270 ng/ml,High Risk
61.58,2398555.0,6.79e-06,404.3,21.60012368,10 ng/ml,High Risk
41.64,3555917.0,6.79e-06,493.8,111.55695776,240 ng/ml,High Risk
55.74,4910542.0,6.79e-06,377.4,184.306769,120 ng/ml,High Risk
61.58,5495723.0,6.79e-06,395.0,42.61328672,120 ng/ml,High Risk
32.22,5065309.0,6.79e-06,245.9,184.306769,120 ng/ml,High Risk
44.46,4353711.0,6.79e-06,388.4,146.3842785,120 ng/ml,High Risk
54.67,3249265.0,6.79e-06,412.1,18.71884357,120 ng/ml,High Risk
51.94,2890255.0,6.79e-06,184.0,114.27274061,180 ng/ml,High Risk
45.84,6445681.0,6.79e-06,459.6,0.0,120 ng/ml,High Risk
49.99,2845132.0,6.79e-06,489.3,180.61440709,120 ng/ml,High Risk
47.35,2421698.0,8.71e-06,196.0,72.2259951,300 ng/ml,High Risk
53.91,1321829.0,6.79e-06,477.7,184.306769,240 ng/ml,High Risk
61.58,1257934.0,6.79e-06,412.8,38.42700148,330 ng/ml,High Risk
55.44,12930809.0,6.79e-06,321.5,61.35183737,150 ng/ml,High Risk
45.39,1726012.0,6.79e-06,386.4,77.56979988,28 ng/ml,High Risk
40.31,2361669.0,6.79e-06,325.1,0.01892465,200 ng/ml,High Risk
61.58,4477240.0,6.79e-06,330.0,4.35847696,120 ng/ml,High Risk
50.18,2845304.0,6.79e-06,235.4,47.54000034,120 ng/ml,High Risk
57.78,3559119.0,6.79e-06,232.9,136.70517859,270 ng/ml,High Risk
59.12,4064115.0,6.79e-06,309.7,87.61121648,150 ng/ml,High Risk
37.61,1717368.0,6.79e-06,360.6,57.38759167,330 ng/ml,High Risk
57.63,1856415.0,8.71e-06,212.6,163.11397113,270 ng/ml,High Risk
41.34,1929535.0,8.71e-06,246.4,2.50153434,360 ng/ml,High Risk
42.42,2393361.0,6.79e-06,204.3,79.54940918,28 ng/ml,High Risk
47.41,1397170.0,6.79e-06,389.6,184.306769,150 ng/ml,High Risk
56.8,9626465.0,6.79e-06,433.0,0.00880826,120 ng/ml,High Risk
47.32,1076961.0,6.79e-06,249.6,71.41806035,10 ng/ml,High Risk
61.58,4103125.0,8.71e-06,231.3,0.0,180 ng/ml,High Risk
32.66,4483508.0,6.79e-06,379.9,139.35525312,360 ng/ml,High Risk
47.45,1984068.0,6.79e-06,309.7,66.65799188,0,High Risk
37.77,4443750.0,8.71e-06,360.1,107.03847723,300 ng/ml,High Risk
34.81,2731424.0,6.79e-06,221.4,120.19628584,360 ng/ml,High Risk
31.25,764000.0,6.79e-06,324.9,184.306769,150 ng/ml,High Risk
34.35,4654962.0,8.71e-06,153.0,181.91146407,240 ng/ml,High Risk
56.48,12808312.0,6.79e-06,304.8,42.74173876,28 ng/ml,High Risk
59.44,3320049.0,6.79e-06,219.9,100.85597323,240 ng/ml,High Risk
45.72,2103355.0,6.79e-06,298.0,0.0,57 ng/ml,High Risk
58.99,14345023.0,6.79e-06,473.3,69.59247325,120 ng/ml,High Risk
60.33,2097343.0,6.79e-06,352.4,91.88748291,57 ng/ml,High Risk
41.8,874651.0,6.79e-06,277.0,29.61623136,200 ng/ml,High Risk
54.37,764000.0,8.71e-06,234.0,131.73698839,330 ng/ml,High Risk
45.55,1682811.0,6.79e-06,107.9,37.28231253,57 ng/ml,High Risk
49.77,6442763.0,6.79e-06,237.3,62.9102609,360 ng/ml,High Risk
54.53,2808825.0,6.79e-06,242.3,49.91904767,150 ng/ml,High Risk
36.24,4187323.0,6.79e-06,184.3,104.66159192,120 ng/ml,High Risk
46.31,2780201.0,6.79e-06,220.4,0.0,200 ng/ml,High Risk
52.36,3864656.0,6.79e-06,454.8,59.40218139,90 ng/ml,High Risk
45.19,1454860.0,8.71e-06,331.7,34.84600431,300 ng/ml,High Risk
61.58,4833501.0,6.79e-06,397.2,30.95651632,120 ng/ml,High Risk
37.47,1956862.0,8.71e-06,280.4,112.80908981,300 ng/ml,High Risk
51.19,6657366.0,6.79e-06,290.6,70.48877556,28 ng/ml,High Risk
42.72,9228245.0,6.79e-06,344.7,7.53457583,150 ng/ml,High Risk
33.73,11501611.0,6.79e-06,334.4,143.44865234,10 ng/ml,High Risk
35.43,1107550.0,8.71e-06,191.4,120.16514341,180 ng/ml,High Risk
61.58,10540313.0,6.79e-06,493.8,95.10653601,0,High Risk
31.25,8379296.0,8.71e-06,104.2,184.306769,240 ng/ml,High Risk
43.47,1624507.0,8.71e-06,201.8,48.63060766,0,High Risk
61.58,3569207.0,6.79e-06,493.8,29.01197919,120 ng/ml,High Risk
46.16,2899389.0,6.79e-06,478.6,61.97052842,0,High Risk
61.58,1869480.0,6.79e-06,358.9,100.19956192,270 ng/ml,High Risk
54.33,4683058.0,6.79e-06,366.4,61.1619575,180 ng/ml,High Risk
55.32,5075249.0,8.71e-06,335.4,165.33023228,10 ng/ml,High Risk
32.62,3359467.0,6.79e-06,325.8,151.67088927,200 ng/ml,High Risk
52.3,4754007.0,6.79e-06,440.6,65.65775703,57 ng/ml,High Risk
47.17,1151710.0,6.79e-06,345.8,85.97494572,360 ng/ml,High Risk
54.64,3841021.0,6.79e-06,428.5,84.13053135,360 ng/ml,High Risk
57.26,8638215.0,6.79e-06,282.2,79.99183954,57 ng/ml,High Risk
61.58,4587931.0,6.79e-06,493.8,166.50872964,120 ng/ml,High Risk
61.58,3624225.0,6.79e-06,328.9,35.37415646,150 ng/ml,High Risk
52.2,2274635.0,6.79e-06,316.5,134.05945298,360 ng/ml,High Risk
54.55,2202569.0,6.79e-06,282.3,99.55514049,57 ng/ml,High Risk
52.27,2343400.0,8.71e-06,192.7,184.306769,180 ng/ml,High Risk
37.83,2048773.0,8.71e-06,338.0,122.38663074,106 ng/ml,High Risk
45.79,4007234.0,6.79e-06,278.9,16.30135582,200 ng/ml,High Risk
58.57,765802.0,6.79e-06,158.6,99.94342622,10 ng/ml,High Risk
33.78,2097390.0,8.71e-06,310.3,113.87829157,200 ng/ml,High Risk
61.58,2461714.0,6.79e-06,471.2,0.0,150 ng/ml,High Risk
57.34,3728933.0,8.71e-06,148.2,109.20095228,120 ng/ml,High Risk
31.25,2894411.0,6.79e-06,231.1,0.0,90 ng/ml,High Risk
40.53,2110538.0,6.79e-06,291.6,124.28398604,240 ng/ml,High Risk
41.32,3144058.0,6.79e-06,240.5,138.90045103,57 ng/ml,High Risk
39.28,13174959.0,6.79e-06,413.6,12.70125821,120 ng/ml,High Risk
40.97,1616905.0,8.71e-06,104.2,45.08444236,0,High Risk
60.13,4338052.0,6.79e-06,368.0,58.68214756,360 ng/ml,High Risk
36.35,7696641.0,6.79e-06,237.8,35.45599284,120 ng/ml,High Risk
50.36,4366429.0,6.79e-06,307.4,0.0,200 ng/ml,High Risk
38.64,3043871.0,8.71e-06,248.4,115.43244239,300 ng/ml,High Risk
48.42,11871734.0,6.79e-06,403.6,27.46755591,270 ng/ml,High Risk
52.64,5111963.0,6.79e-06,326.7,0.0,120 ng/ml,High Risk
46.24,764000.0,6.79e-06,317.3,79.30472364,200 ng/ml,High Risk
40.43,3634443.0,6.79e-06,283.2,45.59038324,120 ng/ml,High Risk
31.25,764000.0,8.71e-06,282.1,136.70010484,0,High Risk
53.68,5698967.0,8.71e-06,345.5,91.79237344,120 ng/ml,High Risk
36.13,992796.0,6.79e-06,331.2,0.0,360 ng/ml,High Risk
41.21,2786163.0,8.71e-06,296.8,131.88404936,150 ng/ml,High Risk
51.97,1521808.0,8.71e-06,145.8,75.78822935,240 ng/ml,High Risk
61.58,8482594.0,6.79e-06,346.9,86.86421094,360 ng/ml,High Risk
40.22,9060365.0,6.79e-06,277.5,0.0,270 ng/ml,High Risk
61.58,2447506.0,6.79e-06,412.6,5.42225344,270 ng/ml,High Risk
59.88,3626435.0,6.79e-06,379.8,66.05069888,0,High Risk
53.64,4646344.0,6.79e-06,472.5,79.02669709,240 ng/ml,High Risk
31.79,3843807.0,6.79e-06,237.7,73.9325054,90 ng/ml,High Risk
49.98,4710858.0,6.79e-06,236.6,8.20924455,330 ng/ml,High Risk
56.5,11355055.0,6.79e-06,458.4,0.0,106 ng/ml,High Risk
57.81,4249414.0,6.79e-06,445.5,108.51566322,0,High Risk
41.95,4256552.0,6.79e-06,392.9,118.77105369,57 ng/ml,High Risk
31.25,2279180.0,6.79e-06,275.7,93.44004488,10 ng/ml,High Risk
61.58,792032.0,6.79e-06,293.2,180.79184834,120 ng/ml,High Risk
42.71,1140502.0,6.79e-06,281.7,68.34440393,200 ng/ml,High Risk
58.79,1158078.0,6.79e-06,430.5,60.17793314,360 ng/ml,High Risk
61.58,4725760.0,6.79e-06,439.1,0.0,150 ng/ml,High Risk
61.58,12214846.0,6.79e-06,435.4,47.38954857,120 ng/ml,High Risk
36.88,2568897.0,6.79e-06,329.4,0.0,200 ng/ml,High Risk
61.58,4814371.0,6.79e-06,302.6,25.12497052,57 ng/ml,High Risk
61.1,3782000.0,6.79e-06,357.8,132.51588207,106 ng/ml,High Risk
40.49,764000.0,8.71e-06,104.2,56.23953993,200 ng/ml,High Risk
36.75,1990796.0,6.79e-06,356.9,44.49205486,330 ng/ml,High Risk
39.94,991256.0,8.71e-06,329.0,154.07310911,106 ng/ml,High Risk
34.88,1291650.0,6.79e-06,188.7,64.38385233,270 ng/ml,High Risk
35.73,3279545.0,6.79e-06,235.3,90.88123018,57 ng/ml,High Risk
46.97,9830396.0,6.79e-06,406.6,0.0,28 ng/ml,High Risk
51.07,4002549.0,6.79e-06,406.7,14.7035944,120 ng/ml,High Risk
61.58,10011170.0,6.79e-06,313.6,44.61164106,0,High Risk
40.27,12547186.0,6.79e-06,385.2,94.01064963,330 ng/ml,High Risk
31.67,2824727.0,6.79e-06,493.8,163.74250637,360 ng/ml,High Risk
52.06,3062148.0,6.79e-06,136.2,93.26571678,57 ng/ml,High Risk
60.78,7487192.0,6.79e-06,406.6,4.0565904,270 ng/ml,High Risk
61.05,3282330.0,6.79e-06,108.3,14.5920839,57 ng/ml,High Risk
47.77,764000.0,8.71e-06,155.0,162.0444894,270 ng/ml,High Risk
31.25,764000.0,8.71e-06,239.2,161.32316457,330 ng/ml,High Risk
32.69,764000.0,6.79e-06,248.6,137.65729525,180 ng/ml,High Risk
42.77,2742176.0,6.79e-06,375.7,47.77436029,57 ng/ml,High Risk
43.05,3439636.0,8.71e-06,311.1,93.76060103,120 ng/ml,High Risk
44.01,2693270.0,6.79e-06,379.8,73.99429331,330 ng/ml,High Risk
54.74,2800142.0,6.79e-06,398.0,184.306769,270 ng/ml,High Risk
45.41,764000.0,8.71e-06,191.8,61.65386858,300 ng/ml,High Risk
56.89,3214446.0,6.79e-06,456.1,98.3346486,270 ng/ml,High Risk
38.83,764000.0,8.71e-06,492.1,101.93993895,200 ng/ml,High Risk
37.96,764000.0,8.71e-06,104.2,91.78201596,106 ng/ml,High Risk
61.58,3126871.0,6.79e-06,464.6,62.1391225,57 ng/ml,High Risk
51.86,14702674.0,6.79e-06,489.8,179.90755381,360 ng/ml,High Risk
39.04,2499230.0,6.79e-06,324.4,76.18164482,120 ng/ml,High Risk
32.69,1387124.0,6.79e-06,220.6,64.28932691,200 ng/ml,High Risk
49.3,7159325.0,6.79e-06,193.8,93.27876512,120 ng/ml,High Risk
45.75,2531274.0,6.79e-06,353.3,0.0,360 ng/ml,High Risk
41.77,2095027.0,6.79e-06,115.4,134.09725257,270 ng/ml,High Risk
61.58,16191416.0,6.79e-06,449.6,45.72758602,150 ng/ml,High Risk
61.58,12642976.0,6.79e-06,493.8,31.29959015,120 ng/ml,High Risk
61.58,13313784.0,6.79e-06,482.8,111.61934528,120 ng/ml,High Risk
48.86,2558070.0,6.79e-06,203.9,31.4545526,57 ng/ml,High Risk
38.78,4524076.0,6.79e-06,321.2,132.66467266,120 ng/ml,High Risk
40.72,2050489.0,6.79e-06,195.3,74.08733098,0,High Risk
45.87,1668097.0,6.79e-06,252.4,116.44945701,150 ng/ml,High Risk
61.58,12329189.0,6.79e-06,359.0,117.71770778,150 ng/ml,High Risk
48.2,2505394.0,8.71e-06,168.3,184.306769,57 ng/ml,High Risk
48.13,3437388.0,6.79e-06,118.0,35.35344772,150 ng/ml,High Risk
46.88,2678011.0,6.79e-06,490.8,136.45253012,120 ng/ml,High Risk
31.25,3484107.0,6.79e-06,104.2,66.86278191,360 ng/ml,High Risk
34.89,764000.0,6.79e-06,289.0,116.67352947,240 ng/ml,High Risk
38.86,2248104.0,6.79e-06,346.4,98.39031908,106 ng/ml,High Risk
34.38,2682325.0,6.79e-06,332.6,37.87407164,0,High Risk
57.42,13184565.0,6.79e-06,431.3,124.08779276,10 ng/ml,High Risk
56.52,3087826.0,6.79e-06,276.8,73.87623453,10 ng/ml,High Risk
61.58,10475770.0,6.79e-06,408.3,90.08457176,150 ng/ml,High Risk
53.04,764000.0,6.79e-06,332.4,9.12158625,240 ng/ml,High Risk
47.31,1429424.0,6.79e-06,219.3,6.10592488,270 ng/ml,High Risk
40.8,2003292.0,8.71e-06,419.3,138.85109785,120 ng/ml,High Risk
51.44,2266253.0,6.79e-06,365.7,91.66831621,120 ng/ml,High Risk
54.79,4878057.0,6.79e-06,462.8,16.9793158,28 ng/ml,High Risk
44.42,8777158.0,8.71e-06,347.1,110.23162963,120 ng/ml,High Risk
52.54,9828942.0,6.79e-06,349.1,88.27449941,330 ng/ml,High Risk
58.38,7296359.0,8.71e-06,389.3,117.92120528,270 ng/ml,High Risk
57.31,10300104.0,6.79e-06,308.7,73.27364509,360 ng/ml,High Risk
61.58,6255797.0,6.79e-06,472.5,4.73588803,330 ng/ml,High Risk
39.93,1034052.0,8.71e-06,159.0,11.51336617,28 ng/ml,High Risk
35.94,2807948.0,6.79e-06,166.6,81.30573889,150 ng/ml,High Risk
31.35,5442682.0,6.79e-06,225.1,64.82938729,240 ng/ml,High Risk
55.23,2238029.0,8.71e-06,323.3,116.60885861,300 ng/ml,High Risk
44.62,764000.0,8.71e-06,358.5,66.50314607,106 ng/ml,High Risk
56.26,4484904.0,6.79e-06,379.9,63.15890575,120 ng/ml,High Risk
47.46,4912343.0,6.79e-06,493.8,98.23773251,106 ng/ml,High Risk
55.89,3669844.0,6.79e-06,473.9,115.13792226,150 ng/ml,High Risk
40.63,3117722.0,6.79e-06,493.8,41.3524117,150 ng/ml,High Risk
61.33,825318.0,6.79e-06,195.8,97.49394989,240 ng/ml,High Risk
48.38,11374654.0,6.79e-06,374.3,32.49068011,150 ng/ml,High Risk
48.63,3734873.0,6.79e-06,410.6,88.05245918,10 ng/ml,High Risk
53.37,2344810.0,6.79e-06,280.6,32.00878276,120 ng/ml,High Risk
46.52,9430994.0,6.79e-06,252.5,4.49788531,360 ng/ml,High Risk
61.58,1915422.0,6.79e-06,493.8,74.83923284,120 ng/ml,High Risk
52.81,9570465.0,8.71e-06,199.3,131.02618125,200 ng/ml,High Risk
61.58,4015983.0,6.79e-06,304.0,35.89258418,240 ng/ml,High Risk
37.83,4242793.0,8.71e-06,177.9,58.55035761,180 ng/ml,High Risk
31.25,3946693.0,6.79e-06,137.6,99.03797265,150 ng/ml,High Risk
56.58,3104184.0,6.79e-06,346.1,95.7667993,120 ng/ml,High Risk
43.18,764000.0,6.79e-06,224.6,93.54665584,300 ng/ml,High Risk
47.44,1463757.0,6.79e-06,426.6,0.0,270 ng/ml,High Risk
36.49,1091425.0,8.71e-06,227.3,132.97219913,360 ng/ml,High Risk
31.25,2771842.0,6.79e-06,164.8,68.12010749,90 ng/ml,High Risk
57.89,5723709.0,6.79e-06,405.1,62.09102298,270 ng/ml,High Risk
57.76,7738890.0,8.71e-06,379.8,69.78516375,120 ng/ml,High Risk
38.68,3098203.0,6.79e-06,255.1,50.82479131,270 ng/ml,High Risk
61.58,4403840.0,6.79e-06,463.2,6.73891482,120 ng/ml,High Risk
50.6,892163.0,8.71e-06,260.0,127.23587869,10 ng/ml,High Risk
56.0,3729608.0,6.79e-06,237.3,41.56529143,57 ng/ml,High Risk
31.57,1761069.0,6.79e-06,194.3,71.28145174,200 ng/ml,High Risk
42.29,764000.0,6.79e-06,436.4,54.87877643,360 ng/ml,High Risk
31.69,3752589.0,6.79e-06,106.4,120.18252979,57 ng/ml,High Risk
60.67,2685234.0,6.79e-06,493.8,63.01110751,0,High Risk
31.25,2878751.0,8.71e-06,141.1,79.87812346,0,High Risk
41.84,3018138.0,8.71e-06,254.7,85.19617491,57 ng/ml,High Risk
31.25,2134547.0,8.71e-06,138.6,129.14025822,150 ng/ml,High Risk
41.3,1189605.0,8.71e-06,390.4,106.04850809,57 ng/ml,High Risk
44.27,1556974.0,6.79e-06,219.5,68.38052212,360 ng/ml,High Risk
61.58,12303695.0,6.79e-06,493.8,96.67939453,120 ng/ml,High Risk
61.38,8676537.0,6.79e-06,317.7,175.17038876,120 ng/ml,High Risk
61.58,2826978.0,6.79e-06,476.0,39.20884111,10 ng/ml,High Risk
45.66,764000.0,6.79e-06,129.9,178.53922168,330 ng/ml,High Risk
38.86,9221311.0,8.71e-06,480.8,184.306769,28 ng/ml,High Risk
52.14,4098724.0,6.79e-06,432.5,12.72703448,300 ng/ml,High Risk
61.17,2895443.0,6.79e-06,455.4,75.32369739,330 ng/ml,High Risk
49.41,5767591.0,6.79e-06,375.5,8.05292578,57 ng/ml,High Risk
34.67,1627444.0,6.79e-06,299.8,76.24528368,28 ng/ml,High Risk
31.25,1741223.0,6.79e-06,259.8,109.85047935,360 ng/ml,High Risk
53.55,5345776.0,8.71e-06,320.7,184.306769,150 ng/ml,High Risk
61.38,4070040.0,6.79e-06,331.3,4.56450043,0,High Risk
60.91,2581015.0,8.71e-06,290.9,83.54267535,330 ng/ml,High Risk
60.03,2824566.0,8.71e-06,412.8,123.73910701,120 ng/ml,High Risk
56.03,7109053.0,8.71e-06,213.6,129.21280569,240 ng/ml,High Risk
32.82,2472198.0,6.79e-06,365.4,13.66057332,0,High Risk
34.68,2168075.0,8.71e-06,169.5,89.53933499,28 ng/ml,High Risk
61.58,14740573.0,6.79e-06,468.8,23.06756035,0,High Risk
32.78,1778726.0,8.71e-06,273.7,111.36069915,330 ng/ml,High Risk
36.29,764000.0,6.79e-06,321.8,159.93043739,90 ng/ml,High Risk
57.3,4676098.0,6.79e-06,266.3,3.66998996,120 ng/ml,High Risk
57.52,4501363.0,6.79e-06,415.1,0.0,200 ng/ml,High Risk
41.72,7594242.0,6.79e-06,267.1,21.53410583,57 ng/ml,High Risk
51.46,9909001.0,6.79e-06,323.5,58.98141169,10 ng/ml,High Risk
37.88,1849620.0,8.71e-06,275.1,96.52713071,330 ng/ml,High Risk
51.93,764000.0,8.71e-06,202.0,184.306769,106 ng/ml,High Risk
31.25,3095229.0,6.79e-06,262.0,141.82210338,270 ng/ml,High Risk
37.61,844668.0,6.79e-06,135.4,97.12735592,300 ng/ml,High Risk
59.78,3024108.0,6.79e-06,409.3,0.0,150 ng/ml,High Risk
61.58,4570379.0,6.79e-06,466.1,69.44395642,150 ng/ml,High Risk
61.58,11818432.0,6.79e-06,480.0,169.18094389,28 ng/ml,High Risk
61.58,10584297.0,6.79e-06,435.2,134.17913251,10 ng/ml,High Risk
51.46,4694421.0,6.79e-06,239.1,54.91693066,270 ng/ml,High Risk
61.58,1781119.0,6.79e-06,480.0,85.6046103,360 ng/ml,High Risk
53.43,1831362.0,6.79e-06,463.5,110.68714876,180 ng/ml,High Risk
44.68,2301862.0,6.79e-06,447.8,144.78582648,0,High Risk
61.58,1580747.0,8.71e-06,363.6,111.50085098,360 ng/ml,High Risk
61.58,3188332.0,6.79e-06,366.7,112.94918565,180 ng/ml,High Risk
31.25,2825658.0,6.79e-06,122.8,134.20137799,360 ng/ml,High Risk
47.82,4331242.0,6.79e-06,381.8,110.28409363,120 ng/ml,High Risk
61.58,1000998.0,8.71e-06,432.6,184.306769,106 ng/ml,High Risk
60.28,764000.0,6.79e-06,407.9,61.01132375,360 ng/ml,High Risk
56.16,8304688.0,6.79e-06,368.6,129.8996595,120 ng/ml,High Risk
31.25,764000.0,6.79e-06,234.4,184.306769,330 ng/ml,High Risk
48.61,764000.0,6.79e-06,420.1,119.70273536,28 ng/ml,High Risk
58.14,2813437.0,6.79e-06,225.1,0.0,360 ng/ml,High Risk
50.25,2248447.0,6.79e-06,426.4,125.74952511,90 ng/ml,High Risk
35.14,764000.0,8.71e-06,118.4,0.0,106 ng/ml,High Risk
35.12,5311972.0,8.71e-06,204.2,151.29148105,10 ng/ml,High Risk
61.58,7528001.0,6.79e-06,472.3,37.21796208,150 ng/ml,High Risk
55.66,2245799.0,6.79e-06,493.8,114.23925262,150 ng/ml,High Risk
57.7,8139607.0,8.71e-06,204.6,184.306769,150 ng/ml,High Risk
49.47,2292904.0,6.79e-06,353.3,112.25796892,57 ng/ml,High Risk
43.91,2597568.0,6.79e-06,297.9,64.33372922,10 ng/ml,High Risk
37.39,3126054.0,8.71e-06,359.9,66.88621418,150 ng/ml,High Risk
32.68,985343.0,6.79e-06,288.0,139.26705511,200 ng/ml,High Risk
57.21,5127373.0,6.79e-06,368.1,10.98791733,120 ng/ml,High Risk
46.59,1634459.0,6.79e-06,488.0,46.3425923,150 ng/ml,High Risk
61.58,3960812.0,6.79e-06,393.4,32.77040517,200 ng/ml,High Risk
56.61,14719915.0,6.79e-06,374.4,41.19531211,150 ng/ml,High Risk
38.89,4183509.0,6.79e-06,308.0,125.69446357,120 ng/ml,High Risk
39.29,9291398.0,6.79e-06,423.4,119.95195571,120 ng/ml,High Risk
50.7,9075934.0,6.79e-06,227.7,124.2974839,120 ng/ml,High Risk
40.4,1322811.0,6.79e-06,261.6,0.0,270 ng/ml,High Risk
45.99,764000.0,6.79e-06,122.6,155.02642033,360 ng/ml,High Risk
50.18,2866792.0,8.71e-06,214.7,103.64045391,200 ng/ml,High Risk
43.41,2036179.0,6.79e-06,108.3,1.00116029,0,High Risk
38.99,1772801.0,6.79e-06,218.4,85.01072077,120 ng/ml,High Risk
61.58,940593.0,6.79e-06,322.7,97.48869338,106 ng/ml,High Risk
38.21,5403924.0,6.79e-06,277.8,41.49856742,57 ng/ml,High Risk
31.88,4664894.0,6.79e-06,355.8,24.68299124,28 ng/ml,High Risk
44.32,899234.0,6.79e-06,295.7,132.63369199,0,High Risk
56.19,3215855.0,6.79e-06,233.3,105.16517791,270 ng/ml,High Risk
56.69,5591055.0,6.79e-06,464.0,0.0,120 ng/ml,High Risk
58.35,2836319.0,6.79e-06,471.7,58.69699862,180 ng/ml,High Risk
45.88,4186436.0,6.79e-06,225.7,124.68441097,0,High Risk
39.83,2057890.0,6.79e-06,243.4,72.82971221,10 ng/ml,High Risk
49.97,8341220.0,6.79e-06,381.7,60.76924741,360 ng/ml,High Risk
37.02,32600000.0,8.71e-06,272.9,158.07590877,270 ng/ml,High Risk
54.56,8445709.0,6.79e-06,256.6,59.63369494,300 ng/ml,High Risk
39.89,2731281.0,8.71e-06,104.2,117.30751487,270 ng/ml,High Risk
52.47,5009181.0,6.79e-06,183.3,66.07350742,57 ng/ml,High Risk
39.28,6498939.0,6.79e-06,355.2,82.72962523,120 ng/ml,High Risk
43.37,764000.0,6.79e-06,253.5,110.44314993,240 ng/ml,High Risk
39.05,4454088.0,8.71e-06,309.2,150.5887465,120 ng/ml,High Risk
44.14,4026226.0,6.79e-06,159.5,86.56043618,10 ng/ml,High Risk
60.65,3177265.0,6.79e-06,344.9,0.0,200 ng/ml,High Risk
61.58,13007222.0,6.79e-06,365.9,48.15468931,120 ng/ml,High Risk
41.27,12247953.0,6.79e-06,390.4,175.05639582,270 ng/ml,High Risk
44.33,7741262.0,6.79e-06,403.8,66.34970481,270 ng/ml,High Risk
54.14,2627828.0,6.79e-06,446.8,71.50949828,300 ng/ml,High Risk
33.95,1343228.0,6.79e-06,182.1,61.79604556,90 ng/ml,High Risk
38.85,764000.0,6.79e-06,292.7,139.51910008,360 ng/ml,High Risk
38.36,764000.0,8.71e-06,271.2,77.56551783,200 ng/ml,High Risk
52.46,1002041.0,8.71e-06,213.3,184.306769,120 ng/ml,High Risk
45.99,764000.0,6.79e-06,420.1,58.07050719,240 ng/ml,High Risk
47.39,4297378.0,6.79e-06,123.0,90.27801897,57 ng/ml,High Risk
42.29,764000.0,8.71e-06,252.3,106.41348366,0,High Risk
31.25,5287299.0,6.79e-06,131.2,64.27252692,28 ng/ml,High Risk
61.58,3351500.0,6.79e-06,376.1,0.0,120 ng/ml,High Risk
31.25,764000.0,6.79e-06,286.4,73.46644914,270 ng/ml,High Risk
50.76,764000.0,6.79e-06,404.1,92.51077992,270 ng/ml,High Risk
37.54,764000.0,6.79e-06,341.6,184.306769,270 ng/ml,High Risk
39.62,1540594.0,8.71e-06,227.9,171.3902928,180 ng/ml,High Risk
31.25,1047787.0,6.79e-06,104.2,107.38302559,200 ng/ml,High Risk
49.47,9396543.0,6.79e-06,254.5,49.50234692,120 ng/ml,High Risk
61.58,12969111.0,6.79e-06,465.4,41.75678426,10 ng/ml,High Risk
61.58,4501725.0,6.79e-06,400.4,86.50284871,0,High Risk
35.35,764000.0,6.79e-06,252.8,149.56678567,240 ng/ml,High Risk
61.58,4809012.0,6.79e-06,299.8,95.67257096,57 ng/ml,High Risk
52.83,9165306.0,6.79e-06,357.1,142.32878153,300 ng/ml,High Risk
61.58,2048595.0,6.79e-06,328.1,124.21929962,90 ng/ml,High Risk
61.58,5522894.0,6.79e-06,493.8,8.3034029,330 ng/ml,High Risk
52.14,987953.0,8.71e-06,310.1,121.92409515,0,High Risk
32.51,5741621.0,6.79e-06,459.2,93.40503725,300 ng/ml,High Risk
61.58,8916123.0,8.71e-06,336.8,154.81816328,270 ng/ml,High Risk
58.4,9421233.0,6.79e-06,493.8,34.13677125,106 ng/ml,High Risk
60.74,1706468.0,8.71e-06,221.7,54.57942209,150 ng/ml,High Risk
45.3,1901023.0,6.79e-06,416.0,115.13127133,360 ng/ml,High Risk
60.03,4077346.0,6.79e-06,430.3,6.23170783,57 ng/ml,High Risk
54.68,5002230.0,6.79e-06,459.6,112.66209106,120 ng/ml,High Risk
53.82,1202375.0,6.79e-06,152.6,41.09021923,180 ng/ml,High Risk
53.09,1000987.0,6.79e-06,493.8,127.38634601,180 ng/ml,High Risk
57.11,5108636.0,6.79e-06,177.2,0.0,28 ng/ml,High Risk
51.89,3699189.0,6.79e-06,336.4,2.77803659,120 ng/ml,High Risk
48.66,764000.0,6.79e-06,389.4,49.85318536,150 ng/ml,High Risk
44.21,1464708.0,6.79e-06,429.9,0.0,28 ng/ml,High Risk
48.42,2830733.0,6.79e-06,169.9,68.14221298,360 ng/ml,High Risk
61.58,11802411.0,6.79e-06,362.2,71.21295145,360 ng/ml,High Risk
46.98,1209381.0,8.71e-06,184.0,148.1571294,180 ng/ml,High Risk
31.25,2394085.0,6.79e-06,268.1,170.40165509,28 ng/ml,High Risk
31.25,2333686.0,6.79e-06,327.7,146.51566093,180 ng/ml,High Risk
47.63,3306027.0,6.79e-06,180.6,99.10454812,28 ng/ml,High Risk
34.77,3326815.0,6.79e-06,289.1,10.94073239,300 ng/ml,High Risk
46.67,5220012.0,6.79e-06,189.7,117.44842886,10 ng/ml,High Risk
61.58,4343043.0,6.79e-06,435.3,61.86104617,360 ng/ml,High Risk
36.86,1038649.0,6.79e-06,257.3,0.0,270 ng/ml,High Risk
33.12,8761121.0,6.79e-06,104.2,44.44860291,300 ng/ml,High Risk
49.97,764000.0,6.79e-06,281.9,29.59922761,300 ng/ml,High Risk
38.59,6791410.0,8.71e-06,233.4,90.55574766,10 ng/ml,High Risk
56.58,3660493.0,6.79e-06,395.0,16.11778625,240 ng/ml,High Risk
31.25,1475748.0,6.79e-06,222.1,92.2376152,0,High Risk
47.62,1216665.0,8.71e-06,315.6,121.87510905,150 ng/ml,High Risk
49.01,3635782.0,6.79e-06,448.6,139.90646578,240 ng/ml,High Risk
58.76,3198366.0,6.79e-06,280.8,149.23183731,270 ng/ml,High Risk
34.25,946552.0,6.79e-06,321.5,88.59320393,106 ng/ml,High Risk
47.02,2157032.0,6.79e-06,268.5,70.75338669,240 ng/ml,High Risk
57.67,4804733.0,6.79e-06,368.2,75.93218106,120 ng/ml,High Risk
54.65,2060481.0,6.79e-06,313.7,121.45562723,150 ng/ml,High Risk
31.25,8352263.0,6.79e-06,271.0,151.39572468,360 ng/ml,High Risk
61.56,5063020.0,6.79e-06,364.5,39.73002502,120 ng/ml,High Risk
43.81,3207289.0,6.79e-06,342.2,98.64353061,120 ng/ml,High Risk
41.98,4158621.0,6.79e-06,336.6,103.09646302,10 ng/ml,High Risk
53.94,4337234.0,6.79e-06,287.0,25.64033408,270 ng/ml,High Risk
37.59,3004644.0,8.71e-06,285.5,138.73627743,180 ng/ml,High Risk
48.29,764000.0,8.71e-06,278.5,131.28828973,180 ng/ml,High Risk
61.58,4548826.0,6.79e-06,439.3,53.20939146,10 ng/ml,High Risk
40.21,1610187.0,8.71e-06,212.2,66.94034714,106 ng/ml,High Risk
32.25,1631619.0,8.71e-06,187.2,85.96352681,0,High Risk
51.85,2271318.0,8.71e-06,229.5,74.89645718,200 ng/ml,High Risk
48.81,4527978.0,6.79e-06,427.0,78.66695781,120 ng/ml,High Risk
39.18,7327145.0,6.79e-06,390.4,87.49418641,120 ng/ml,High Risk
61.51,1420185.0,6.79e-06,421.0,0.0,360 ng/ml,High Risk
61.58,5640340.0,6.79e-06,219.9,102.57038424,120 ng/ml,High Risk
42.26,12841022.0,8.71e-06,380.1,116.3728717,150 ng/ml,High Risk
43.61,13272984.0,6.79e-06,165.4,79.87186138,300 ng/ml,High Risk
42.91,3866775.0,6.79e-06,307.5,57.25084308,120 ng/ml,High Risk
52.23,2040917.0,6.79e-06,330.5,103.09716918,120 ng/ml,High Risk
35.55,764000.0,6.79e-06,276.0,75.41804783,28 ng/ml,High Risk
34.25,11129930.0,6.79e-06,151.2,0.0,150 ng/ml,High Risk
56.99,1786483.0,6.79e-06,339.1,84.3057958,0,High Risk
42.92,11524409.0,6.79e-06,231.9,0.0,200 ng/ml,High Risk
31.25,764000.0,6.79e-06,126.1,118.0669006,300 ng/ml,High Risk
49.3,1810647.0,6.79e-06,187.3,51.96400211,10 ng/ml,High Risk
54.6,9921511.0,6.79e-06,338.4,145.99121378,270 ng/ml,High Risk
44.81,5295210.0,8.71e-06,338.9,131.79661661,57 ng/ml,High Risk
44.17,764000.0,8.71e-06,104.2,170.88754673,120 ng/ml,High Risk
57.06,2491548.0,6.79e-06,453.5,32.84421874,120 ng/ml,High Risk
47.6,764000.0,8.71e-06,165.7,184.306769,120 ng/ml,High Risk
45.29,3527693.0,6.79e-06,252.7,0.0,300 ng/ml,High Risk
34.13,2248682.0,6.79e-06,323.8,43.94817129,57 ng/ml,High Risk
31.25,764000.0,8.71e-06,189.1,184.306769,180 ng/ml,High Risk
56.18,5045097.0,6.79e-06,400.4,0.0,120 ng/ml,High Risk
38.56,4382808.0,6.79e-06,493.8,91.0485706,300 ng/ml,High Risk
37.73,3900015.0,6.79e-06,174.3,81.7843586,270 ng/ml,High Risk
34.48,1255561.0,6.79e-06,292.5,24.91848042,120 ng/ml,High Risk
53.66,2696470.0,8.71e-06,166.3,0.0,10 ng/ml,High Risk
41.4,2521877.0,6.79e-06,175.9,143.0039542,270 ng/ml,High Risk
36.24,764000.0,6.79e-06,146.5,88.92934491,200 ng/ml,High Risk
48.45,2143857.0,6.79e-06,340.5,9.32599833,106 ng/ml,High Risk
45.17,1239578.0,6.79e-06,431.6,90.96232152,106 ng/ml,High Risk
61.58,4317112.0,6.79e-06,360.5,66.58273644,120 ng/ml,High Risk
41.69,4846843.0,6.79e-06,343.1,62.94073762,120 ng/ml,High Risk
56.14,2558607.0,8.71e-06,293.8,84.47128917,150 ng/ml,High Risk
52.28,4915510.0,6.79e-06,440.1,13.64638797,28 ng/ml,High Risk
61.58,1976366.0,6.79e-06,315.8,31.36814643,150 ng/ml,High Risk
50.1,764000.0,6.79e-06,478.2,35.11968505,360 ng/ml,High Risk
61.58,3238753.0,6.79e-06,189.7,75.3883216,150 ng/ml,High Risk
46.94,4359257.0,6.79e-06,423.7,38.99808296,180 ng/ml,High Risk
38.42,10203841.0,6.79e-06,304.1,66.104247,300 ng/ml,High Risk
61.58,4438692.0,6.79e-06,493.8,15.96510092,120 ng/ml,High Risk
34.18,1940515.0,8.71e-06,144.1,146.7663807,200 ng/ml,High Risk
60.16,2267079.0,8.71e-06,434.5,129.9451086,120 ng/ml,High Risk
31.25,1074519.0,8.71e-06,176.0,154.05492325,300 ng/ml,High Risk
58.26,4737778.0,6.79e-06,493.8,36.76775778,120 ng/ml,High Risk
55.52,10585973.0,6.79e-06,401.0,154.15033836,57 ng/ml,High Risk
54.46,4763547.0,8.71e-06,134.2,75.26766528,360 ng/ml,High Risk
38.84,10746397.0,6.79e-06,326.7,69.28000058,150 ng/ml,High Risk
57.51,2759601.0,6.79e-06,296.0,25.07074268,90 ng/ml,High Risk
41.91,764000.0,6.79e-06,200.2,82.28954433,120 ng/ml,High Risk
45.74,764000.0,8.71e-06,304.1,168.79756004,360 ng/ml,High Risk
42.37,1896897.0,6.79e-06,254.1,8.16378301,360 ng/ml,High Risk
47.68,3200477.0,6.79e-06,405.1,9.47093772,150 ng/ml,High Risk
58.09,3397344.0,6.79e-06,458.9,178.53677658,330 ng/ml,High Risk
